run,family,source,seed,ckpt,method,group,n,exact_identities,metric,estimate,ci_low,ci_high,finite_only_mean
converged_raw_seed5_model_last_9methods_haca3ctrl,converged_site_probe,raw,5.0,last,haca3,all,109,0,psnr,19.757823406103455,19.412611803029932,20.148537198512937,19.757823406103455
converged_raw_seed5_model_last_9methods_haca3ctrl,converged_site_probe,raw,5.0,last,haca3,all,109,0,mse,0.014573677546952424,0.012746944037121753,0.01656708566403057,0.014573677546952424
converged_raw_seed5_model_last_9methods_haca3ctrl,converged_site_probe,raw,5.0,last,haca3,all,109,0,mae,0.07227673546868342,0.0682823182822465,0.07629944975715025,0.07227673546868342
converged_raw_seed5_model_last_9methods_haca3ctrl,converged_site_probe,raw,5.0,last,haca3,all,109,0,pixel_cosine_similarity,0.9779285027681635,0.9753468961894357,0.9802561329582556,0.9779285027681635
converged_raw_seed5_model_last_9methods_haca3ctrl,converged_site_probe,raw,5.0,last,haca3,all,109,0,cross_correlation,0.9581618885196351,0.9529587453235624,0.9626315762146684,0.9581618885196351
converged_raw_seed5_model_last_9methods_haca3ctrl,converged_site_probe,raw,5.0,last,haca3,all,109,0,subject_wasserstein_raw_harm,0.05514037639410434,0.05080343142228012,0.05918136131731276,0.05514037639410434
converged_raw_seed5_model_last_9methods_haca3ctrl,converged_site_probe,raw,5.0,last,haca3,all,109,0,subject_kl_raw_harm,0.35852153991451013,0.33585697029243605,0.3836486077287239,0.35852153991451013
converged_raw_seed5_model_last_9methods_haca3ctrl,converged_site_probe,raw,5.0,last,haca3,all,109,0,raw_site_ba,1.0,1.0,1.0,
converged_raw_seed5_model_last_9methods_haca3ctrl,converged_site_probe,raw,5.0,last,haca3,all,109,0,harmonized_site_ba,0.2806427834291611,0.22377893262568183,0.3421456214064574,
converged_raw_seed5_model_last_9methods_haca3ctrl,converged_site_probe,raw,5.0,last,haca3,all,109,0,site_ba_drop,0.7193572165708388,0.6578543785935426,0.7762210673743182,
converged_raw_seed5_model_last_9methods_haca3ctrl,converged_site_probe,raw,5.0,last,haca3,source_non_nyu,90,0,psnr,18.921265046256753,18.531426961437564,19.345431937044776,18.921265046256753
converged_raw_seed5_model_last_9methods_haca3ctrl,converged_site_probe,raw,5.0,last,haca3,source_non_nyu,90,0,mse,0.01665159724371001,0.014477228157195241,0.018953002616618503,0.01665159724371001
converged_raw_seed5_model_last_9methods_haca3ctrl,converged_site_probe,raw,5.0,last,haca3,source_non_nyu,90,0,mae,0.07813206387456499,0.07345677707458682,0.08272671370278299,0.07813206387456499
converged_raw_seed5_model_last_9methods_haca3ctrl,converged_site_probe,raw,5.0,last,haca3,source_non_nyu,90,0,pixel_cosine_similarity,0.9756546999672707,0.9725123349434077,0.9784112241285363,0.9756546999672707
converged_raw_seed5_model_last_9methods_haca3ctrl,converged_site_probe,raw,5.0,last,haca3,source_non_nyu,90,0,cross_correlation,0.9537281754805151,0.9475523142799411,0.9592321440147756,0.9537281754805151
converged_raw_seed5_model_last_9methods_haca3ctrl,converged_site_probe,raw,5.0,last,haca3,source_non_nyu,90,0,subject_wasserstein_raw_harm,0.06209895291959284,0.05725379582418668,0.06676672926978844,0.06209895291959284
converged_raw_seed5_model_last_9methods_haca3ctrl,converged_site_probe,raw,5.0,last,haca3,source_non_nyu,90,0,subject_kl_raw_harm,0.3300843941813587,0.30504050741980515,0.35623450569037873,0.3300843941813587
converged_raw_seed5_model_last_9methods_haca3ctrl,converged_site_probe,raw,5.0,last,haca3,source_non_nyu,90,0,raw_site_ba,1.0,1.0,1.0,
converged_raw_seed5_model_last_9methods_haca3ctrl,converged_site_probe,raw,5.0,last,haca3,source_non_nyu,90,0,harmonized_site_ba,0.24226190476190476,0.18020833333333333,0.3078869047619048,
converged_raw_seed5_model_last_9methods_haca3ctrl,converged_site_probe,raw,5.0,last,haca3,source_non_nyu,90,0,site_ba_drop,0.7577380952380952,0.6921130952380952,0.8197916666666667,
converged_raw_seed5_model_last_9methods_haca3ctrl,converged_site_probe,raw,5.0,last,haca3,target_nyu,19,0,psnr,23.720468268535214,22.81995644440203,24.51444726898572,23.720468268535214
converged_raw_seed5_model_last_9methods_haca3ctrl,converged_site_probe,raw,5.0,last,haca3,target_nyu,19,0,mse,0.004730900035995459,0.0036906541328293975,0.005977310589954024,0.004730900035995459
converged_raw_seed5_model_last_9methods_haca3ctrl,converged_site_probe,raw,5.0,last,haca3,target_nyu,19,0,mae,0.044540969335560135,0.04042609521663122,0.049174475243775995,0.044540969335560135
converged_raw_seed5_model_last_9methods_haca3ctrl,converged_site_probe,raw,5.0,last,haca3,target_nyu,19,0,pixel_cosine_similarity,0.9886991476144971,0.9850773536468875,0.9913906145939779,0.9886991476144971
converged_raw_seed5_model_last_9methods_haca3ctrl,converged_site_probe,raw,5.0,last,haca3,target_nyu,19,0,cross_correlation,0.9791636871259929,0.9729991382745774,0.9840450383756808,0.9791636871259929
converged_raw_seed5_model_last_9methods_haca3ctrl,converged_site_probe,raw,5.0,last,haca3,target_nyu,19,0,subject_wasserstein_raw_harm,0.0221786981154746,0.018847984082799068,0.02599732703198642,0.0221786981154746
converged_raw_seed5_model_last_9methods_haca3ctrl,converged_site_probe,raw,5.0,last,haca3,target_nyu,19,0,subject_kl_raw_harm,0.4932238091768065,0.41331304503914307,0.5725387507263587,0.4932238091768065
converged_raw_seed5_model_last_9methods_haca3ctrl,converged_site_probe,raw,5.0,last,haca3,target_nyu,19,0,raw_site_ba,1.0,1.0,1.0,
converged_raw_seed5_model_last_9methods_haca3ctrl,converged_site_probe,raw,5.0,last,haca3,target_nyu,19,0,harmonized_site_ba,0.8947368421052632,0.7368421052631579,1.0,
converged_raw_seed5_model_last_9methods_haca3ctrl,converged_site_probe,raw,5.0,last,haca3,target_nyu,19,0,site_ba_drop,0.10526315789473684,0.0,0.26315789473684215,
converged_raw_seed5_model_last_9methods_haca3ctrl,converged_site_probe,raw,5.0,last,haca3_preproc,all,109,0,psnr,24.004818120155743,23.677851081456403,24.34092861202334,24.004818120155743
converged_raw_seed5_model_last_9methods_haca3ctrl,converged_site_probe,raw,5.0,last,haca3_preproc,all,109,0,mse,0.005126276871975098,0.0046736558294557485,0.005611740167418263,0.005126276871975098
converged_raw_seed5_model_last_9methods_haca3ctrl,converged_site_probe,raw,5.0,last,haca3_preproc,all,109,0,mae,0.045477284529805956,0.04358661687528829,0.047467150074784595,0.045477284529805956
converged_raw_seed5_model_last_9methods_haca3ctrl,converged_site_probe,raw,5.0,last,haca3_preproc,all,109,0,pixel_cosine_similarity,0.9925970218114716,0.992049838799468,0.9930923443156738,0.9925970218114716
converged_raw_seed5_model_last_9methods_haca3ctrl,converged_site_probe,raw,5.0,last,haca3_preproc,all,109,0,cross_correlation,0.9864636007538925,0.9853587233858676,0.9874355240049513,0.9864636007538925
converged_raw_seed5_model_last_9methods_haca3ctrl,converged_site_probe,raw,5.0,last,haca3_preproc,all,109,0,subject_wasserstein_raw_harm,0.04077174008403761,0.03869554917036834,0.042947420351333636,0.04077174008403761
converged_raw_seed5_model_last_9methods_haca3ctrl,converged_site_probe,raw,5.0,last,haca3_preproc,all,109,0,subject_kl_raw_harm,0.1142985333145359,0.1029748659125107,0.1256592011776031,0.1142985333145359
converged_raw_seed5_model_last_9methods_haca3ctrl,converged_site_probe,raw,5.0,last,haca3_preproc,all,109,0,raw_site_ba,1.0,1.0,1.0,
converged_raw_seed5_model_last_9methods_haca3ctrl,converged_site_probe,raw,5.0,last,haca3_preproc,all,109,0,harmonized_site_ba,0.796078431372549,0.7411764705882353,0.8431372549019608,
converged_raw_seed5_model_last_9methods_haca3ctrl,converged_site_probe,raw,5.0,last,haca3_preproc,all,109,0,site_ba_drop,0.20392156862745103,0.1568627450980392,0.2588235294117647,
converged_raw_seed5_model_last_9methods_haca3ctrl,converged_site_probe,raw,5.0,last,haca3_preproc,source_non_nyu,90,0,psnr,23.751879031669315,23.375410732143052,24.115637158567203,23.751879031669315
converged_raw_seed5_model_last_9methods_haca3ctrl,converged_site_probe,raw,5.0,last,haca3_preproc,source_non_nyu,90,0,mse,0.0055353148700123195,0.004992798488843399,0.006117319175661079,0.0055353148700123195
converged_raw_seed5_model_last_9methods_haca3ctrl,converged_site_probe,raw,5.0,last,haca3_preproc,source_non_nyu,90,0,mae,0.0472078229590195,0.04504008069178418,0.04954808654124027,0.0472078229590195
converged_raw_seed5_model_last_9methods_haca3ctrl,converged_site_probe,raw,5.0,last,haca3_preproc,source_non_nyu,90,0,pixel_cosine_similarity,0.9920173448975403,0.9913636875228781,0.9926165871062733,0.9920173448975403
converged_raw_seed5_model_last_9methods_haca3ctrl,converged_site_probe,raw,5.0,last,haca3_preproc,source_non_nyu,90,0,cross_correlation,0.9854502120277411,0.9841438526573978,0.9865876398145944,0.9854502120277411
converged_raw_seed5_model_last_9methods_haca3ctrl,converged_site_probe,raw,5.0,last,haca3_preproc,source_non_nyu,90,0,subject_wasserstein_raw_harm,0.04284305758159483,0.040533423819904886,0.04522887645885017,0.04284305758159483
converged_raw_seed5_model_last_9methods_haca3ctrl,converged_site_probe,raw,5.0,last,haca3_preproc,source_non_nyu,90,0,subject_kl_raw_harm,0.12738651977532278,0.11446328272562255,0.14161235658299434,0.12738651977532278
converged_raw_seed5_model_last_9methods_haca3ctrl,converged_site_probe,raw,5.0,last,haca3_preproc,source_non_nyu,90,0,raw_site_ba,1.0,1.0,1.0,
converged_raw_seed5_model_last_9methods_haca3ctrl,converged_site_probe,raw,5.0,last,haca3_preproc,source_non_nyu,90,0,harmonized_site_ba,0.7833333333333334,0.725,0.8354166666666667,
converged_raw_seed5_model_last_9methods_haca3ctrl,converged_site_probe,raw,5.0,last,haca3_preproc,source_non_nyu,90,0,site_ba_drop,0.21666666666666656,0.1645833333333333,0.275,
converged_raw_seed5_model_last_9methods_haca3ctrl,converged_site_probe,raw,5.0,last,haca3_preproc,target_nyu,19,0,psnr,25.202950644565124,24.565532260436786,25.814225448392666,25.202950644565124
converged_raw_seed5_model_last_9methods_haca3ctrl,converged_site_probe,raw,5.0,last,haca3_preproc,target_nyu,19,0,mse,0.0031887284602198267,0.0027103845678089276,0.003746473628345248,0.0031887284602198267
converged_raw_seed5_model_last_9methods_haca3ctrl,converged_site_probe,raw,5.0,last,haca3_preproc,target_nyu,19,0,mae,0.03727999723353128,0.0343266153681125,0.04045126710232796,0.03727999723353128
converged_raw_seed5_model_last_9methods_haca3ctrl,converged_site_probe,raw,5.0,last,haca3_preproc,target_nyu,19,0,pixel_cosine_similarity,0.9953428598248305,0.9948610688096547,0.9957755725646426,0.9953428598248305
converged_raw_seed5_model_last_9methods_haca3ctrl,converged_site_probe,raw,5.0,last,haca3_preproc,target_nyu,19,0,cross_correlation,0.9912638631409261,0.9903988216873533,0.9921023447694028,0.9912638631409261
converged_raw_seed5_model_last_9methods_haca3ctrl,converged_site_probe,raw,5.0,last,haca3_preproc,target_nyu,19,0,subject_wasserstein_raw_harm,0.03096023614824033,0.02719366827414916,0.03506899433821588,0.03096023614824033
converged_raw_seed5_model_last_9methods_haca3ctrl,converged_site_probe,raw,5.0,last,haca3_preproc,target_nyu,19,0,subject_kl_raw_harm,0.052302807973966574,0.04151294749163461,0.06463763019861683,0.052302807973966574
converged_raw_seed5_model_last_9methods_haca3ctrl,converged_site_probe,raw,5.0,last,haca3_preproc,target_nyu,19,0,raw_site_ba,1.0,1.0,1.0,
converged_raw_seed5_model_last_9methods_haca3ctrl,converged_site_probe,raw,5.0,last,haca3_preproc,target_nyu,19,0,harmonized_site_ba,1.0,1.0,1.0,
converged_raw_seed5_model_last_9methods_haca3ctrl,converged_site_probe,raw,5.0,last,haca3_preproc,target_nyu,19,0,site_ba_drop,0.0,0.0,0.0,
converged_raw_seed6_model_last_9methods_haca3ctrl,converged_site_probe,raw,6.0,last,haca3,all,109,0,psnr,19.757823406103455,19.412611803029932,20.148537198512937,19.757823406103455
converged_raw_seed6_model_last_9methods_haca3ctrl,converged_site_probe,raw,6.0,last,haca3,all,109,0,mse,0.014573677546952424,0.012746944037121753,0.01656708566403057,0.014573677546952424
converged_raw_seed6_model_last_9methods_haca3ctrl,converged_site_probe,raw,6.0,last,haca3,all,109,0,mae,0.07227673546868342,0.0682823182822465,0.07629944975715025,0.07227673546868342
converged_raw_seed6_model_last_9methods_haca3ctrl,converged_site_probe,raw,6.0,last,haca3,all,109,0,pixel_cosine_similarity,0.9779285027681635,0.9753468961894357,0.9802561329582556,0.9779285027681635
converged_raw_seed6_model_last_9methods_haca3ctrl,converged_site_probe,raw,6.0,last,haca3,all,109,0,cross_correlation,0.9581618885196351,0.9529587453235624,0.9626315762146684,0.9581618885196351
converged_raw_seed6_model_last_9methods_haca3ctrl,converged_site_probe,raw,6.0,last,haca3,all,109,0,subject_wasserstein_raw_harm,0.05514037639410434,0.05080343142228012,0.05918136131731276,0.05514037639410434
converged_raw_seed6_model_last_9methods_haca3ctrl,converged_site_probe,raw,6.0,last,haca3,all,109,0,subject_kl_raw_harm,0.35852153991451013,0.33585697029243605,0.3836486077287239,0.35852153991451013
converged_raw_seed6_model_last_9methods_haca3ctrl,converged_site_probe,raw,6.0,last,haca3,all,109,0,raw_site_ba,1.0,1.0,1.0,
converged_raw_seed6_model_last_9methods_haca3ctrl,converged_site_probe,raw,6.0,last,haca3,all,109,0,harmonized_site_ba,0.30366357069143446,0.24663828689370487,0.36301857585139313,
converged_raw_seed6_model_last_9methods_haca3ctrl,converged_site_probe,raw,6.0,last,haca3,all,109,0,site_ba_drop,0.6963364293085655,0.6369814241486068,0.7533617131062951,
converged_raw_seed6_model_last_9methods_haca3ctrl,converged_site_probe,raw,6.0,last,haca3,source_non_nyu,90,0,psnr,18.921265046256753,18.531426961437564,19.345431937044776,18.921265046256753
converged_raw_seed6_model_last_9methods_haca3ctrl,converged_site_probe,raw,6.0,last,haca3,source_non_nyu,90,0,mse,0.01665159724371001,0.014477228157195241,0.018953002616618503,0.01665159724371001
converged_raw_seed6_model_last_9methods_haca3ctrl,converged_site_probe,raw,6.0,last,haca3,source_non_nyu,90,0,mae,0.07813206387456499,0.07345677707458682,0.08272671370278299,0.07813206387456499
converged_raw_seed6_model_last_9methods_haca3ctrl,converged_site_probe,raw,6.0,last,haca3,source_non_nyu,90,0,pixel_cosine_similarity,0.9756546999672707,0.9725123349434077,0.9784112241285363,0.9756546999672707
converged_raw_seed6_model_last_9methods_haca3ctrl,converged_site_probe,raw,6.0,last,haca3,source_non_nyu,90,0,cross_correlation,0.9537281754805151,0.9475523142799411,0.9592321440147756,0.9537281754805151
converged_raw_seed6_model_last_9methods_haca3ctrl,converged_site_probe,raw,6.0,last,haca3,source_non_nyu,90,0,subject_wasserstein_raw_harm,0.06209895291959284,0.05725379582418668,0.06676672926978844,0.06209895291959284
converged_raw_seed6_model_last_9methods_haca3ctrl,converged_site_probe,raw,6.0,last,haca3,source_non_nyu,90,0,subject_kl_raw_harm,0.3300843941813587,0.30504050741980515,0.35623450569037873,0.3300843941813587
converged_raw_seed6_model_last_9methods_haca3ctrl,converged_site_probe,raw,6.0,last,haca3,source_non_nyu,90,0,raw_site_ba,1.0,1.0,1.0,
converged_raw_seed6_model_last_9methods_haca3ctrl,converged_site_probe,raw,6.0,last,haca3,source_non_nyu,90,0,harmonized_site_ba,0.2864583333333333,0.2249739583333333,0.35208333333333336,
converged_raw_seed6_model_last_9methods_haca3ctrl,converged_site_probe,raw,6.0,last,haca3,source_non_nyu,90,0,site_ba_drop,0.7135416666666667,0.6479166666666667,0.7750260416666666,
converged_raw_seed6_model_last_9methods_haca3ctrl,converged_site_probe,raw,6.0,last,haca3,target_nyu,19,0,psnr,23.720468268535214,22.81995644440203,24.51444726898572,23.720468268535214
converged_raw_seed6_model_last_9methods_haca3ctrl,converged_site_probe,raw,6.0,last,haca3,target_nyu,19,0,mse,0.004730900035995459,0.0036906541328293975,0.005977310589954024,0.004730900035995459
converged_raw_seed6_model_last_9methods_haca3ctrl,converged_site_probe,raw,6.0,last,haca3,target_nyu,19,0,mae,0.044540969335560135,0.04042609521663122,0.049174475243775995,0.044540969335560135
converged_raw_seed6_model_last_9methods_haca3ctrl,converged_site_probe,raw,6.0,last,haca3,target_nyu,19,0,pixel_cosine_similarity,0.9886991476144971,0.9850773536468875,0.9913906145939779,0.9886991476144971
converged_raw_seed6_model_last_9methods_haca3ctrl,converged_site_probe,raw,6.0,last,haca3,target_nyu,19,0,cross_correlation,0.9791636871259929,0.9729991382745774,0.9840450383756808,0.9791636871259929
converged_raw_seed6_model_last_9methods_haca3ctrl,converged_site_probe,raw,6.0,last,haca3,target_nyu,19,0,subject_wasserstein_raw_harm,0.0221786981154746,0.018847984082799068,0.02599732703198642,0.0221786981154746
converged_raw_seed6_model_last_9methods_haca3ctrl,converged_site_probe,raw,6.0,last,haca3,target_nyu,19,0,subject_kl_raw_harm,0.4932238091768065,0.41331304503914307,0.5725387507263587,0.4932238091768065
converged_raw_seed6_model_last_9methods_haca3ctrl,converged_site_probe,raw,6.0,last,haca3,target_nyu,19,0,raw_site_ba,1.0,1.0,1.0,
converged_raw_seed6_model_last_9methods_haca3ctrl,converged_site_probe,raw,6.0,last,haca3,target_nyu,19,0,harmonized_site_ba,0.5789473684210527,0.3684210526315789,0.7894736842105263,
converged_raw_seed6_model_last_9methods_haca3ctrl,converged_site_probe,raw,6.0,last,haca3,target_nyu,19,0,site_ba_drop,0.42105263157894735,0.21052631578947367,0.631578947368421,
converged_raw_seed6_model_last_9methods_haca3ctrl,converged_site_probe,raw,6.0,last,haca3_preproc,all,109,0,psnr,24.004818120155743,23.677851081456403,24.34092861202334,24.004818120155743
converged_raw_seed6_model_last_9methods_haca3ctrl,converged_site_probe,raw,6.0,last,haca3_preproc,all,109,0,mse,0.005126276871975098,0.0046736558294557485,0.005611740167418263,0.005126276871975098
converged_raw_seed6_model_last_9methods_haca3ctrl,converged_site_probe,raw,6.0,last,haca3_preproc,all,109,0,mae,0.045477284529805956,0.04358661687528829,0.047467150074784595,0.045477284529805956
converged_raw_seed6_model_last_9methods_haca3ctrl,converged_site_probe,raw,6.0,last,haca3_preproc,all,109,0,pixel_cosine_similarity,0.9925970218114716,0.992049838799468,0.9930923443156738,0.9925970218114716
converged_raw_seed6_model_last_9methods_haca3ctrl,converged_site_probe,raw,6.0,last,haca3_preproc,all,109,0,cross_correlation,0.9864636007538925,0.9853587233858676,0.9874355240049513,0.9864636007538925
converged_raw_seed6_model_last_9methods_haca3ctrl,converged_site_probe,raw,6.0,last,haca3_preproc,all,109,0,subject_wasserstein_raw_harm,0.04077174008403761,0.03869554917036834,0.042947420351333636,0.04077174008403761
converged_raw_seed6_model_last_9methods_haca3ctrl,converged_site_probe,raw,6.0,last,haca3_preproc,all,109,0,subject_kl_raw_harm,0.1142985333145359,0.1029748659125107,0.1256592011776031,0.1142985333145359
converged_raw_seed6_model_last_9methods_haca3ctrl,converged_site_probe,raw,6.0,last,haca3_preproc,all,109,0,raw_site_ba,1.0,1.0,1.0,
converged_raw_seed6_model_last_9methods_haca3ctrl,converged_site_probe,raw,6.0,last,haca3_preproc,all,109,0,harmonized_site_ba,0.6725490196078432,0.6127450980392156,0.7313725490196079,
converged_raw_seed6_model_last_9methods_haca3ctrl,converged_site_probe,raw,6.0,last,haca3_preproc,all,109,0,site_ba_drop,0.3274509803921568,0.2686274509803921,0.3872549019607844,
converged_raw_seed6_model_last_9methods_haca3ctrl,converged_site_probe,raw,6.0,last,haca3_preproc,source_non_nyu,90,0,psnr,23.751879031669315,23.375410732143052,24.115637158567203,23.751879031669315
converged_raw_seed6_model_last_9methods_haca3ctrl,converged_site_probe,raw,6.0,last,haca3_preproc,source_non_nyu,90,0,mse,0.0055353148700123195,0.004992798488843399,0.006117319175661079,0.0055353148700123195
converged_raw_seed6_model_last_9methods_haca3ctrl,converged_site_probe,raw,6.0,last,haca3_preproc,source_non_nyu,90,0,mae,0.0472078229590195,0.04504008069178418,0.04954808654124027,0.0472078229590195
converged_raw_seed6_model_last_9methods_haca3ctrl,converged_site_probe,raw,6.0,last,haca3_preproc,source_non_nyu,90,0,pixel_cosine_similarity,0.9920173448975403,0.9913636875228781,0.9926165871062733,0.9920173448975403
converged_raw_seed6_model_last_9methods_haca3ctrl,converged_site_probe,raw,6.0,last,haca3_preproc,source_non_nyu,90,0,cross_correlation,0.9854502120277411,0.9841438526573978,0.9865876398145944,0.9854502120277411
converged_raw_seed6_model_last_9methods_haca3ctrl,converged_site_probe,raw,6.0,last,haca3_preproc,source_non_nyu,90,0,subject_wasserstein_raw_harm,0.04284305758159483,0.040533423819904886,0.04522887645885017,0.04284305758159483
converged_raw_seed6_model_last_9methods_haca3ctrl,converged_site_probe,raw,6.0,last,haca3_preproc,source_non_nyu,90,0,subject_kl_raw_harm,0.12738651977532278,0.11446328272562255,0.14161235658299434,0.12738651977532278
converged_raw_seed6_model_last_9methods_haca3ctrl,converged_site_probe,raw,6.0,last,haca3_preproc,source_non_nyu,90,0,raw_site_ba,1.0,1.0,1.0,
converged_raw_seed6_model_last_9methods_haca3ctrl,converged_site_probe,raw,6.0,last,haca3_preproc,source_non_nyu,90,0,harmonized_site_ba,0.6520833333333333,0.5854166666666667,0.7166927083333332,
converged_raw_seed6_model_last_9methods_haca3ctrl,converged_site_probe,raw,6.0,last,haca3_preproc,source_non_nyu,90,0,site_ba_drop,0.34791666666666665,0.2833072916666667,0.4145833333333333,
converged_raw_seed6_model_last_9methods_haca3ctrl,converged_site_probe,raw,6.0,last,haca3_preproc,target_nyu,19,0,psnr,25.202950644565124,24.565532260436786,25.814225448392666,25.202950644565124
converged_raw_seed6_model_last_9methods_haca3ctrl,converged_site_probe,raw,6.0,last,haca3_preproc,target_nyu,19,0,mse,0.0031887284602198267,0.0027103845678089276,0.003746473628345248,0.0031887284602198267
converged_raw_seed6_model_last_9methods_haca3ctrl,converged_site_probe,raw,6.0,last,haca3_preproc,target_nyu,19,0,mae,0.03727999723353128,0.0343266153681125,0.04045126710232796,0.03727999723353128
converged_raw_seed6_model_last_9methods_haca3ctrl,converged_site_probe,raw,6.0,last,haca3_preproc,target_nyu,19,0,pixel_cosine_similarity,0.9953428598248305,0.9948610688096547,0.9957755725646426,0.9953428598248305
converged_raw_seed6_model_last_9methods_haca3ctrl,converged_site_probe,raw,6.0,last,haca3_preproc,target_nyu,19,0,cross_correlation,0.9912638631409261,0.9903988216873533,0.9921023447694028,0.9912638631409261
converged_raw_seed6_model_last_9methods_haca3ctrl,converged_site_probe,raw,6.0,last,haca3_preproc,target_nyu,19,0,subject_wasserstein_raw_harm,0.03096023614824033,0.02719366827414916,0.03506899433821588,0.03096023614824033
converged_raw_seed6_model_last_9methods_haca3ctrl,converged_site_probe,raw,6.0,last,haca3_preproc,target_nyu,19,0,subject_kl_raw_harm,0.052302807973966574,0.04151294749163461,0.06463763019861683,0.052302807973966574
converged_raw_seed6_model_last_9methods_haca3ctrl,converged_site_probe,raw,6.0,last,haca3_preproc,target_nyu,19,0,raw_site_ba,1.0,1.0,1.0,
converged_raw_seed6_model_last_9methods_haca3ctrl,converged_site_probe,raw,6.0,last,haca3_preproc,target_nyu,19,0,harmonized_site_ba,1.0,1.0,1.0,
converged_raw_seed6_model_last_9methods_haca3ctrl,converged_site_probe,raw,6.0,last,haca3_preproc,target_nyu,19,0,site_ba_drop,0.0,0.0,0.0,
converged_raw_seed7_model_last_9methods_haca3ctrl,converged_site_probe,raw,7.0,last,haca3,all,109,0,psnr,19.757823406103455,19.412611803029932,20.148537198512937,19.757823406103455
converged_raw_seed7_model_last_9methods_haca3ctrl,converged_site_probe,raw,7.0,last,haca3,all,109,0,mse,0.014573677546952424,0.012746944037121753,0.01656708566403057,0.014573677546952424
converged_raw_seed7_model_last_9methods_haca3ctrl,converged_site_probe,raw,7.0,last,haca3,all,109,0,mae,0.07227673546868342,0.0682823182822465,0.07629944975715025,0.07227673546868342
converged_raw_seed7_model_last_9methods_haca3ctrl,converged_site_probe,raw,7.0,last,haca3,all,109,0,pixel_cosine_similarity,0.9779285027681635,0.9753468961894357,0.9802561329582556,0.9779285027681635
converged_raw_seed7_model_last_9methods_haca3ctrl,converged_site_probe,raw,7.0,last,haca3,all,109,0,cross_correlation,0.9581618885196351,0.9529587453235624,0.9626315762146684,0.9581618885196351
converged_raw_seed7_model_last_9methods_haca3ctrl,converged_site_probe,raw,7.0,last,haca3,all,109,0,subject_wasserstein_raw_harm,0.05514037639410434,0.05080343142228012,0.05918136131731276,0.05514037639410434
converged_raw_seed7_model_last_9methods_haca3ctrl,converged_site_probe,raw,7.0,last,haca3,all,109,0,subject_kl_raw_harm,0.35852153991451013,0.33585697029243605,0.3836486077287239,0.35852153991451013
converged_raw_seed7_model_last_9methods_haca3ctrl,converged_site_probe,raw,7.0,last,haca3,all,109,0,raw_site_ba,1.0,1.0,1.0,
converged_raw_seed7_model_last_9methods_haca3ctrl,converged_site_probe,raw,7.0,last,haca3,all,109,0,harmonized_site_ba,0.2628409258440218,0.20753353973168218,0.3222289178829426,
converged_raw_seed7_model_last_9methods_haca3ctrl,converged_site_probe,raw,7.0,last,haca3,all,109,0,site_ba_drop,0.7371590741559781,0.6777710821170573,0.7924664602683178,
converged_raw_seed7_model_last_9methods_haca3ctrl,converged_site_probe,raw,7.0,last,haca3,source_non_nyu,90,0,psnr,18.921265046256753,18.531426961437564,19.345431937044776,18.921265046256753
converged_raw_seed7_model_last_9methods_haca3ctrl,converged_site_probe,raw,7.0,last,haca3,source_non_nyu,90,0,mse,0.01665159724371001,0.014477228157195241,0.018953002616618503,0.01665159724371001
converged_raw_seed7_model_last_9methods_haca3ctrl,converged_site_probe,raw,7.0,last,haca3,source_non_nyu,90,0,mae,0.07813206387456499,0.07345677707458682,0.08272671370278299,0.07813206387456499
converged_raw_seed7_model_last_9methods_haca3ctrl,converged_site_probe,raw,7.0,last,haca3,source_non_nyu,90,0,pixel_cosine_similarity,0.9756546999672707,0.9725123349434077,0.9784112241285363,0.9756546999672707
converged_raw_seed7_model_last_9methods_haca3ctrl,converged_site_probe,raw,7.0,last,haca3,source_non_nyu,90,0,cross_correlation,0.9537281754805151,0.9475523142799411,0.9592321440147756,0.9537281754805151
converged_raw_seed7_model_last_9methods_haca3ctrl,converged_site_probe,raw,7.0,last,haca3,source_non_nyu,90,0,subject_wasserstein_raw_harm,0.06209895291959284,0.05725379582418668,0.06676672926978844,0.06209895291959284
converged_raw_seed7_model_last_9methods_haca3ctrl,converged_site_probe,raw,7.0,last,haca3,source_non_nyu,90,0,subject_kl_raw_harm,0.3300843941813587,0.30504050741980515,0.35623450569037873,0.3300843941813587
converged_raw_seed7_model_last_9methods_haca3ctrl,converged_site_probe,raw,7.0,last,haca3,source_non_nyu,90,0,raw_site_ba,1.0,1.0,1.0,
converged_raw_seed7_model_last_9methods_haca3ctrl,converged_site_probe,raw,7.0,last,haca3,source_non_nyu,90,0,harmonized_site_ba,0.22663690476190476,0.16874999999999998,0.2895833333333333,
converged_raw_seed7_model_last_9methods_haca3ctrl,converged_site_probe,raw,7.0,last,haca3,source_non_nyu,90,0,site_ba_drop,0.7733630952380952,0.7104166666666667,0.83125,
converged_raw_seed7_model_last_9methods_haca3ctrl,converged_site_probe,raw,7.0,last,haca3,target_nyu,19,0,psnr,23.720468268535214,22.81995644440203,24.51444726898572,23.720468268535214
converged_raw_seed7_model_last_9methods_haca3ctrl,converged_site_probe,raw,7.0,last,haca3,target_nyu,19,0,mse,0.004730900035995459,0.0036906541328293975,0.005977310589954024,0.004730900035995459
converged_raw_seed7_model_last_9methods_haca3ctrl,converged_site_probe,raw,7.0,last,haca3,target_nyu,19,0,mae,0.044540969335560135,0.04042609521663122,0.049174475243775995,0.044540969335560135
converged_raw_seed7_model_last_9methods_haca3ctrl,converged_site_probe,raw,7.0,last,haca3,target_nyu,19,0,pixel_cosine_similarity,0.9886991476144971,0.9850773536468875,0.9913906145939779,0.9886991476144971
converged_raw_seed7_model_last_9methods_haca3ctrl,converged_site_probe,raw,7.0,last,haca3,target_nyu,19,0,cross_correlation,0.9791636871259929,0.9729991382745774,0.9840450383756808,0.9791636871259929
converged_raw_seed7_model_last_9methods_haca3ctrl,converged_site_probe,raw,7.0,last,haca3,target_nyu,19,0,subject_wasserstein_raw_harm,0.0221786981154746,0.018847984082799068,0.02599732703198642,0.0221786981154746
converged_raw_seed7_model_last_9methods_haca3ctrl,converged_site_probe,raw,7.0,last,haca3,target_nyu,19,0,subject_kl_raw_harm,0.4932238091768065,0.41331304503914307,0.5725387507263587,0.4932238091768065
converged_raw_seed7_model_last_9methods_haca3ctrl,converged_site_probe,raw,7.0,last,haca3,target_nyu,19,0,raw_site_ba,1.0,1.0,1.0,
converged_raw_seed7_model_last_9methods_haca3ctrl,converged_site_probe,raw,7.0,last,haca3,target_nyu,19,0,harmonized_site_ba,0.8421052631578947,0.6828947368421053,1.0,
converged_raw_seed7_model_last_9methods_haca3ctrl,converged_site_probe,raw,7.0,last,haca3,target_nyu,19,0,site_ba_drop,0.1578947368421053,0.0,0.31710526315788756,
converged_raw_seed7_model_last_9methods_haca3ctrl,converged_site_probe,raw,7.0,last,haca3_preproc,all,109,0,psnr,24.004818120155743,23.677851081456403,24.34092861202334,24.004818120155743
converged_raw_seed7_model_last_9methods_haca3ctrl,converged_site_probe,raw,7.0,last,haca3_preproc,all,109,0,mse,0.005126276871975098,0.0046736558294557485,0.005611740167418263,0.005126276871975098
converged_raw_seed7_model_last_9methods_haca3ctrl,converged_site_probe,raw,7.0,last,haca3_preproc,all,109,0,mae,0.045477284529805956,0.04358661687528829,0.047467150074784595,0.045477284529805956
converged_raw_seed7_model_last_9methods_haca3ctrl,converged_site_probe,raw,7.0,last,haca3_preproc,all,109,0,pixel_cosine_similarity,0.9925970218114716,0.992049838799468,0.9930923443156738,0.9925970218114716
converged_raw_seed7_model_last_9methods_haca3ctrl,converged_site_probe,raw,7.0,last,haca3_preproc,all,109,0,cross_correlation,0.9864636007538925,0.9853587233858676,0.9874355240049513,0.9864636007538925
converged_raw_seed7_model_last_9methods_haca3ctrl,converged_site_probe,raw,7.0,last,haca3_preproc,all,109,0,subject_wasserstein_raw_harm,0.04077174008403761,0.03869554917036834,0.042947420351333636,0.04077174008403761
converged_raw_seed7_model_last_9methods_haca3ctrl,converged_site_probe,raw,7.0,last,haca3_preproc,all,109,0,subject_kl_raw_harm,0.1142985333145359,0.1029748659125107,0.1256592011776031,0.1142985333145359
converged_raw_seed7_model_last_9methods_haca3ctrl,converged_site_probe,raw,7.0,last,haca3_preproc,all,109,0,raw_site_ba,1.0,1.0,1.0,
converged_raw_seed7_model_last_9methods_haca3ctrl,converged_site_probe,raw,7.0,last,haca3_preproc,all,109,0,harmonized_site_ba,0.8794117647058823,0.8509803921568627,0.907843137254902,
converged_raw_seed7_model_last_9methods_haca3ctrl,converged_site_probe,raw,7.0,last,haca3_preproc,all,109,0,site_ba_drop,0.12058823529411766,0.09215686274509804,0.14901960784313728,
converged_raw_seed7_model_last_9methods_haca3ctrl,converged_site_probe,raw,7.0,last,haca3_preproc,source_non_nyu,90,0,psnr,23.751879031669315,23.375410732143052,24.115637158567203,23.751879031669315
converged_raw_seed7_model_last_9methods_haca3ctrl,converged_site_probe,raw,7.0,last,haca3_preproc,source_non_nyu,90,0,mse,0.0055353148700123195,0.004992798488843399,0.006117319175661079,0.0055353148700123195
converged_raw_seed7_model_last_9methods_haca3ctrl,converged_site_probe,raw,7.0,last,haca3_preproc,source_non_nyu,90,0,mae,0.0472078229590195,0.04504008069178418,0.04954808654124027,0.0472078229590195
converged_raw_seed7_model_last_9methods_haca3ctrl,converged_site_probe,raw,7.0,last,haca3_preproc,source_non_nyu,90,0,pixel_cosine_similarity,0.9920173448975403,0.9913636875228781,0.9926165871062733,0.9920173448975403
converged_raw_seed7_model_last_9methods_haca3ctrl,converged_site_probe,raw,7.0,last,haca3_preproc,source_non_nyu,90,0,cross_correlation,0.9854502120277411,0.9841438526573978,0.9865876398145944,0.9854502120277411
converged_raw_seed7_model_last_9methods_haca3ctrl,converged_site_probe,raw,7.0,last,haca3_preproc,source_non_nyu,90,0,subject_wasserstein_raw_harm,0.04284305758159483,0.040533423819904886,0.04522887645885017,0.04284305758159483
converged_raw_seed7_model_last_9methods_haca3ctrl,converged_site_probe,raw,7.0,last,haca3_preproc,source_non_nyu,90,0,subject_kl_raw_harm,0.12738651977532278,0.11446328272562255,0.14161235658299434,0.12738651977532278
converged_raw_seed7_model_last_9methods_haca3ctrl,converged_site_probe,raw,7.0,last,haca3_preproc,source_non_nyu,90,0,raw_site_ba,1.0,1.0,1.0,
converged_raw_seed7_model_last_9methods_haca3ctrl,converged_site_probe,raw,7.0,last,haca3_preproc,source_non_nyu,90,0,harmonized_site_ba,0.871875,0.84375,0.9020833333333333,
converged_raw_seed7_model_last_9methods_haca3ctrl,converged_site_probe,raw,7.0,last,haca3_preproc,source_non_nyu,90,0,site_ba_drop,0.12812500000000004,0.09791666666666665,0.15625,
converged_raw_seed7_model_last_9methods_haca3ctrl,converged_site_probe,raw,7.0,last,haca3_preproc,target_nyu,19,0,psnr,25.202950644565124,24.565532260436786,25.814225448392666,25.202950644565124
converged_raw_seed7_model_last_9methods_haca3ctrl,converged_site_probe,raw,7.0,last,haca3_preproc,target_nyu,19,0,mse,0.0031887284602198267,0.0027103845678089276,0.003746473628345248,0.0031887284602198267
converged_raw_seed7_model_last_9methods_haca3ctrl,converged_site_probe,raw,7.0,last,haca3_preproc,target_nyu,19,0,mae,0.03727999723353128,0.0343266153681125,0.04045126710232796,0.03727999723353128
converged_raw_seed7_model_last_9methods_haca3ctrl,converged_site_probe,raw,7.0,last,haca3_preproc,target_nyu,19,0,pixel_cosine_similarity,0.9953428598248305,0.9948610688096547,0.9957755725646426,0.9953428598248305
converged_raw_seed7_model_last_9methods_haca3ctrl,converged_site_probe,raw,7.0,last,haca3_preproc,target_nyu,19,0,cross_correlation,0.9912638631409261,0.9903988216873533,0.9921023447694028,0.9912638631409261
converged_raw_seed7_model_last_9methods_haca3ctrl,converged_site_probe,raw,7.0,last,haca3_preproc,target_nyu,19,0,subject_wasserstein_raw_harm,0.03096023614824033,0.02719366827414916,0.03506899433821588,0.03096023614824033
converged_raw_seed7_model_last_9methods_haca3ctrl,converged_site_probe,raw,7.0,last,haca3_preproc,target_nyu,19,0,subject_kl_raw_harm,0.052302807973966574,0.04151294749163461,0.06463763019861683,0.052302807973966574
converged_raw_seed7_model_last_9methods_haca3ctrl,converged_site_probe,raw,7.0,last,haca3_preproc,target_nyu,19,0,raw_site_ba,1.0,1.0,1.0,
converged_raw_seed7_model_last_9methods_haca3ctrl,converged_site_probe,raw,7.0,last,haca3_preproc,target_nyu,19,0,harmonized_site_ba,1.0,1.0,1.0,
converged_raw_seed7_model_last_9methods_haca3ctrl,converged_site_probe,raw,7.0,last,haca3_preproc,target_nyu,19,0,site_ba_drop,0.0,0.0,0.0,
converged_raw_seed8_model_last_9methods_haca3ctrl,converged_site_probe,raw,8.0,last,haca3,all,109,0,psnr,19.757823406103455,19.412611803029932,20.148537198512937,19.757823406103455
converged_raw_seed8_model_last_9methods_haca3ctrl,converged_site_probe,raw,8.0,last,haca3,all,109,0,mse,0.014573677546952424,0.012746944037121753,0.01656708566403057,0.014573677546952424
converged_raw_seed8_model_last_9methods_haca3ctrl,converged_site_probe,raw,8.0,last,haca3,all,109,0,mae,0.07227673546868342,0.0682823182822465,0.07629944975715025,0.07227673546868342
converged_raw_seed8_model_last_9methods_haca3ctrl,converged_site_probe,raw,8.0,last,haca3,all,109,0,pixel_cosine_similarity,0.9779285027681635,0.9753468961894357,0.9802561329582556,0.9779285027681635
converged_raw_seed8_model_last_9methods_haca3ctrl,converged_site_probe,raw,8.0,last,haca3,all,109,0,cross_correlation,0.9581618885196351,0.9529587453235624,0.9626315762146684,0.9581618885196351
converged_raw_seed8_model_last_9methods_haca3ctrl,converged_site_probe,raw,8.0,last,haca3,all,109,0,subject_wasserstein_raw_harm,0.05514037639410434,0.05080343142228012,0.05918136131731276,0.05514037639410434
converged_raw_seed8_model_last_9methods_haca3ctrl,converged_site_probe,raw,8.0,last,haca3,all,109,0,subject_kl_raw_harm,0.35852153991451013,0.33585697029243605,0.3836486077287239,0.35852153991451013
converged_raw_seed8_model_last_9methods_haca3ctrl,converged_site_probe,raw,8.0,last,haca3,all,109,0,raw_site_ba,1.0,1.0,1.0,
converged_raw_seed8_model_last_9methods_haca3ctrl,converged_site_probe,raw,8.0,last,haca3,all,109,0,harmonized_site_ba,0.3524620374465576,0.2890531475748194,0.4211038625976706,
converged_raw_seed8_model_last_9methods_haca3ctrl,converged_site_probe,raw,8.0,last,haca3,all,109,0,site_ba_drop,0.6475379625534424,0.5788961374023294,0.7109468524251805,
converged_raw_seed8_model_last_9methods_haca3ctrl,converged_site_probe,raw,8.0,last,haca3,source_non_nyu,90,0,psnr,18.921265046256753,18.531426961437564,19.345431937044776,18.921265046256753
converged_raw_seed8_model_last_9methods_haca3ctrl,converged_site_probe,raw,8.0,last,haca3,source_non_nyu,90,0,mse,0.01665159724371001,0.014477228157195241,0.018953002616618503,0.01665159724371001
converged_raw_seed8_model_last_9methods_haca3ctrl,converged_site_probe,raw,8.0,last,haca3,source_non_nyu,90,0,mae,0.07813206387456499,0.07345677707458682,0.08272671370278299,0.07813206387456499
converged_raw_seed8_model_last_9methods_haca3ctrl,converged_site_probe,raw,8.0,last,haca3,source_non_nyu,90,0,pixel_cosine_similarity,0.9756546999672707,0.9725123349434077,0.9784112241285363,0.9756546999672707
converged_raw_seed8_model_last_9methods_haca3ctrl,converged_site_probe,raw,8.0,last,haca3,source_non_nyu,90,0,cross_correlation,0.9537281754805151,0.9475523142799411,0.9592321440147756,0.9537281754805151
converged_raw_seed8_model_last_9methods_haca3ctrl,converged_site_probe,raw,8.0,last,haca3,source_non_nyu,90,0,subject_wasserstein_raw_harm,0.06209895291959284,0.05725379582418668,0.06676672926978844,0.06209895291959284
converged_raw_seed8_model_last_9methods_haca3ctrl,converged_site_probe,raw,8.0,last,haca3,source_non_nyu,90,0,subject_kl_raw_harm,0.3300843941813587,0.30504050741980515,0.35623450569037873,0.3300843941813587
converged_raw_seed8_model_last_9methods_haca3ctrl,converged_site_probe,raw,8.0,last,haca3,source_non_nyu,90,0,raw_site_ba,1.0,1.0,1.0,
converged_raw_seed8_model_last_9methods_haca3ctrl,converged_site_probe,raw,8.0,last,haca3,source_non_nyu,90,0,harmonized_site_ba,0.32514880952380953,0.26205357142857144,0.3933072916666666,
converged_raw_seed8_model_last_9methods_haca3ctrl,converged_site_probe,raw,8.0,last,haca3,source_non_nyu,90,0,site_ba_drop,0.6748511904761905,0.6066927083333333,0.7379464285714286,
converged_raw_seed8_model_last_9methods_haca3ctrl,converged_site_probe,raw,8.0,last,haca3,target_nyu,19,0,psnr,23.720468268535214,22.81995644440203,24.51444726898572,23.720468268535214
converged_raw_seed8_model_last_9methods_haca3ctrl,converged_site_probe,raw,8.0,last,haca3,target_nyu,19,0,mse,0.004730900035995459,0.0036906541328293975,0.005977310589954024,0.004730900035995459
converged_raw_seed8_model_last_9methods_haca3ctrl,converged_site_probe,raw,8.0,last,haca3,target_nyu,19,0,mae,0.044540969335560135,0.04042609521663122,0.049174475243775995,0.044540969335560135
converged_raw_seed8_model_last_9methods_haca3ctrl,converged_site_probe,raw,8.0,last,haca3,target_nyu,19,0,pixel_cosine_similarity,0.9886991476144971,0.9850773536468875,0.9913906145939779,0.9886991476144971
converged_raw_seed8_model_last_9methods_haca3ctrl,converged_site_probe,raw,8.0,last,haca3,target_nyu,19,0,cross_correlation,0.9791636871259929,0.9729991382745774,0.9840450383756808,0.9791636871259929
converged_raw_seed8_model_last_9methods_haca3ctrl,converged_site_probe,raw,8.0,last,haca3,target_nyu,19,0,subject_wasserstein_raw_harm,0.0221786981154746,0.018847984082799068,0.02599732703198642,0.0221786981154746
converged_raw_seed8_model_last_9methods_haca3ctrl,converged_site_probe,raw,8.0,last,haca3,target_nyu,19,0,subject_kl_raw_harm,0.4932238091768065,0.41331304503914307,0.5725387507263587,0.4932238091768065
converged_raw_seed8_model_last_9methods_haca3ctrl,converged_site_probe,raw,8.0,last,haca3,target_nyu,19,0,raw_site_ba,1.0,1.0,1.0,
converged_raw_seed8_model_last_9methods_haca3ctrl,converged_site_probe,raw,8.0,last,haca3,target_nyu,19,0,harmonized_site_ba,0.7894736842105263,0.5789473684210527,0.9473684210526315,
converged_raw_seed8_model_last_9methods_haca3ctrl,converged_site_probe,raw,8.0,last,haca3,target_nyu,19,0,site_ba_drop,0.21052631578947367,0.052631578947368474,0.42105263157894735,
converged_raw_seed8_model_last_9methods_haca3ctrl,converged_site_probe,raw,8.0,last,haca3_preproc,all,109,0,psnr,24.004818120155743,23.677851081456403,24.34092861202334,24.004818120155743
converged_raw_seed8_model_last_9methods_haca3ctrl,converged_site_probe,raw,8.0,last,haca3_preproc,all,109,0,mse,0.005126276871975098,0.0046736558294557485,0.005611740167418263,0.005126276871975098
converged_raw_seed8_model_last_9methods_haca3ctrl,converged_site_probe,raw,8.0,last,haca3_preproc,all,109,0,mae,0.045477284529805956,0.04358661687528829,0.047467150074784595,0.045477284529805956
converged_raw_seed8_model_last_9methods_haca3ctrl,converged_site_probe,raw,8.0,last,haca3_preproc,all,109,0,pixel_cosine_similarity,0.9925970218114716,0.992049838799468,0.9930923443156738,0.9925970218114716
converged_raw_seed8_model_last_9methods_haca3ctrl,converged_site_probe,raw,8.0,last,haca3_preproc,all,109,0,cross_correlation,0.9864636007538925,0.9853587233858676,0.9874355240049513,0.9864636007538925
converged_raw_seed8_model_last_9methods_haca3ctrl,converged_site_probe,raw,8.0,last,haca3_preproc,all,109,0,subject_wasserstein_raw_harm,0.04077174008403761,0.03869554917036834,0.042947420351333636,0.04077174008403761
converged_raw_seed8_model_last_9methods_haca3ctrl,converged_site_probe,raw,8.0,last,haca3_preproc,all,109,0,subject_kl_raw_harm,0.1142985333145359,0.1029748659125107,0.1256592011776031,0.1142985333145359
converged_raw_seed8_model_last_9methods_haca3ctrl,converged_site_probe,raw,8.0,last,haca3_preproc,all,109,0,raw_site_ba,1.0,1.0,1.0,
converged_raw_seed8_model_last_9methods_haca3ctrl,converged_site_probe,raw,8.0,last,haca3_preproc,all,109,0,harmonized_site_ba,0.8343137254901961,0.7794117647058824,0.8931372549019607,
converged_raw_seed8_model_last_9methods_haca3ctrl,converged_site_probe,raw,8.0,last,haca3_preproc,all,109,0,site_ba_drop,0.1656862745098039,0.10686274509803928,0.22058823529411764,
converged_raw_seed8_model_last_9methods_haca3ctrl,converged_site_probe,raw,8.0,last,haca3_preproc,source_non_nyu,90,0,psnr,23.751879031669315,23.375410732143052,24.115637158567203,23.751879031669315
converged_raw_seed8_model_last_9methods_haca3ctrl,converged_site_probe,raw,8.0,last,haca3_preproc,source_non_nyu,90,0,mse,0.0055353148700123195,0.004992798488843399,0.006117319175661079,0.0055353148700123195
converged_raw_seed8_model_last_9methods_haca3ctrl,converged_site_probe,raw,8.0,last,haca3_preproc,source_non_nyu,90,0,mae,0.0472078229590195,0.04504008069178418,0.04954808654124027,0.0472078229590195
converged_raw_seed8_model_last_9methods_haca3ctrl,converged_site_probe,raw,8.0,last,haca3_preproc,source_non_nyu,90,0,pixel_cosine_similarity,0.9920173448975403,0.9913636875228781,0.9926165871062733,0.9920173448975403
converged_raw_seed8_model_last_9methods_haca3ctrl,converged_site_probe,raw,8.0,last,haca3_preproc,source_non_nyu,90,0,cross_correlation,0.9854502120277411,0.9841438526573978,0.9865876398145944,0.9854502120277411
converged_raw_seed8_model_last_9methods_haca3ctrl,converged_site_probe,raw,8.0,last,haca3_preproc,source_non_nyu,90,0,subject_wasserstein_raw_harm,0.04284305758159483,0.040533423819904886,0.04522887645885017,0.04284305758159483
converged_raw_seed8_model_last_9methods_haca3ctrl,converged_site_probe,raw,8.0,last,haca3_preproc,source_non_nyu,90,0,subject_kl_raw_harm,0.12738651977532278,0.11446328272562255,0.14161235658299434,0.12738651977532278
converged_raw_seed8_model_last_9methods_haca3ctrl,converged_site_probe,raw,8.0,last,haca3_preproc,source_non_nyu,90,0,raw_site_ba,1.0,1.0,1.0,
converged_raw_seed8_model_last_9methods_haca3ctrl,converged_site_probe,raw,8.0,last,haca3_preproc,source_non_nyu,90,0,harmonized_site_ba,0.8239583333333333,0.7666666666666666,0.884375,
converged_raw_seed8_model_last_9methods_haca3ctrl,converged_site_probe,raw,8.0,last,haca3_preproc,source_non_nyu,90,0,site_ba_drop,0.17604166666666665,0.11562499999999998,0.2333333333333334,
converged_raw_seed8_model_last_9methods_haca3ctrl,converged_site_probe,raw,8.0,last,haca3_preproc,target_nyu,19,0,psnr,25.202950644565124,24.565532260436786,25.814225448392666,25.202950644565124
converged_raw_seed8_model_last_9methods_haca3ctrl,converged_site_probe,raw,8.0,last,haca3_preproc,target_nyu,19,0,mse,0.0031887284602198267,0.0027103845678089276,0.003746473628345248,0.0031887284602198267
converged_raw_seed8_model_last_9methods_haca3ctrl,converged_site_probe,raw,8.0,last,haca3_preproc,target_nyu,19,0,mae,0.03727999723353128,0.0343266153681125,0.04045126710232796,0.03727999723353128
converged_raw_seed8_model_last_9methods_haca3ctrl,converged_site_probe,raw,8.0,last,haca3_preproc,target_nyu,19,0,pixel_cosine_similarity,0.9953428598248305,0.9948610688096547,0.9957755725646426,0.9953428598248305
converged_raw_seed8_model_last_9methods_haca3ctrl,converged_site_probe,raw,8.0,last,haca3_preproc,target_nyu,19,0,cross_correlation,0.9912638631409261,0.9903988216873533,0.9921023447694028,0.9912638631409261
converged_raw_seed8_model_last_9methods_haca3ctrl,converged_site_probe,raw,8.0,last,haca3_preproc,target_nyu,19,0,subject_wasserstein_raw_harm,0.03096023614824033,0.02719366827414916,0.03506899433821588,0.03096023614824033
converged_raw_seed8_model_last_9methods_haca3ctrl,converged_site_probe,raw,8.0,last,haca3_preproc,target_nyu,19,0,subject_kl_raw_harm,0.052302807973966574,0.04151294749163461,0.06463763019861683,0.052302807973966574
converged_raw_seed8_model_last_9methods_haca3ctrl,converged_site_probe,raw,8.0,last,haca3_preproc,target_nyu,19,0,raw_site_ba,1.0,1.0,1.0,
converged_raw_seed8_model_last_9methods_haca3ctrl,converged_site_probe,raw,8.0,last,haca3_preproc,target_nyu,19,0,harmonized_site_ba,1.0,1.0,1.0,
converged_raw_seed8_model_last_9methods_haca3ctrl,converged_site_probe,raw,8.0,last,haca3_preproc,target_nyu,19,0,site_ba_drop,0.0,0.0,0.0,
converged_raw_seed9_model_last_9methods_haca3ctrl,converged_site_probe,raw,9.0,last,haca3,all,109,0,psnr,19.757823406103455,19.412611803029932,20.148537198512937,19.757823406103455
converged_raw_seed9_model_last_9methods_haca3ctrl,converged_site_probe,raw,9.0,last,haca3,all,109,0,mse,0.014573677546952424,0.012746944037121753,0.01656708566403057,0.014573677546952424
converged_raw_seed9_model_last_9methods_haca3ctrl,converged_site_probe,raw,9.0,last,haca3,all,109,0,mae,0.07227673546868342,0.0682823182822465,0.07629944975715025,0.07227673546868342
converged_raw_seed9_model_last_9methods_haca3ctrl,converged_site_probe,raw,9.0,last,haca3,all,109,0,pixel_cosine_similarity,0.9779285027681635,0.9753468961894357,0.9802561329582556,0.9779285027681635
converged_raw_seed9_model_last_9methods_haca3ctrl,converged_site_probe,raw,9.0,last,haca3,all,109,0,cross_correlation,0.9581618885196351,0.9529587453235624,0.9626315762146684,0.9581618885196351
converged_raw_seed9_model_last_9methods_haca3ctrl,converged_site_probe,raw,9.0,last,haca3,all,109,0,subject_wasserstein_raw_harm,0.05514037639410434,0.05080343142228012,0.05918136131731276,0.05514037639410434
converged_raw_seed9_model_last_9methods_haca3ctrl,converged_site_probe,raw,9.0,last,haca3,all,109,0,subject_kl_raw_harm,0.35852153991451013,0.33585697029243605,0.3836486077287239,0.35852153991451013
converged_raw_seed9_model_last_9methods_haca3ctrl,converged_site_probe,raw,9.0,last,haca3,all,109,0,raw_site_ba,1.0,1.0,1.0,
converged_raw_seed9_model_last_9methods_haca3ctrl,converged_site_probe,raw,9.0,last,haca3,all,109,0,harmonized_site_ba,0.3567890314020345,0.30295739348370926,0.4094648385670057,
converged_raw_seed9_model_last_9methods_haca3ctrl,converged_site_probe,raw,9.0,last,haca3,all,109,0,site_ba_drop,0.6432109685979654,0.5905351614329943,0.6970426065162907,
converged_raw_seed9_model_last_9methods_haca3ctrl,converged_site_probe,raw,9.0,last,haca3,source_non_nyu,90,0,psnr,18.921265046256753,18.531426961437564,19.345431937044776,18.921265046256753
converged_raw_seed9_model_last_9methods_haca3ctrl,converged_site_probe,raw,9.0,last,haca3,source_non_nyu,90,0,mse,0.01665159724371001,0.014477228157195241,0.018953002616618503,0.01665159724371001
converged_raw_seed9_model_last_9methods_haca3ctrl,converged_site_probe,raw,9.0,last,haca3,source_non_nyu,90,0,mae,0.07813206387456499,0.07345677707458682,0.08272671370278299,0.07813206387456499
converged_raw_seed9_model_last_9methods_haca3ctrl,converged_site_probe,raw,9.0,last,haca3,source_non_nyu,90,0,pixel_cosine_similarity,0.9756546999672707,0.9725123349434077,0.9784112241285363,0.9756546999672707
converged_raw_seed9_model_last_9methods_haca3ctrl,converged_site_probe,raw,9.0,last,haca3,source_non_nyu,90,0,cross_correlation,0.9537281754805151,0.9475523142799411,0.9592321440147756,0.9537281754805151
converged_raw_seed9_model_last_9methods_haca3ctrl,converged_site_probe,raw,9.0,last,haca3,source_non_nyu,90,0,subject_wasserstein_raw_harm,0.06209895291959284,0.05725379582418668,0.06676672926978844,0.06209895291959284
converged_raw_seed9_model_last_9methods_haca3ctrl,converged_site_probe,raw,9.0,last,haca3,source_non_nyu,90,0,subject_kl_raw_harm,0.3300843941813587,0.30504050741980515,0.35623450569037873,0.3300843941813587
converged_raw_seed9_model_last_9methods_haca3ctrl,converged_site_probe,raw,9.0,last,haca3,source_non_nyu,90,0,raw_site_ba,1.0,1.0,1.0,
converged_raw_seed9_model_last_9methods_haca3ctrl,converged_site_probe,raw,9.0,last,haca3,source_non_nyu,90,0,harmonized_site_ba,0.3330357142857143,0.2791592261904762,0.3899032738095237,
converged_raw_seed9_model_last_9methods_haca3ctrl,converged_site_probe,raw,9.0,last,haca3,source_non_nyu,90,0,site_ba_drop,0.6669642857142857,0.6100967261904762,0.7208407738095237,
converged_raw_seed9_model_last_9methods_haca3ctrl,converged_site_probe,raw,9.0,last,haca3,target_nyu,19,0,psnr,23.720468268535214,22.81995644440203,24.51444726898572,23.720468268535214
converged_raw_seed9_model_last_9methods_haca3ctrl,converged_site_probe,raw,9.0,last,haca3,target_nyu,19,0,mse,0.004730900035995459,0.0036906541328293975,0.005977310589954024,0.004730900035995459
converged_raw_seed9_model_last_9methods_haca3ctrl,converged_site_probe,raw,9.0,last,haca3,target_nyu,19,0,mae,0.044540969335560135,0.04042609521663122,0.049174475243775995,0.044540969335560135
converged_raw_seed9_model_last_9methods_haca3ctrl,converged_site_probe,raw,9.0,last,haca3,target_nyu,19,0,pixel_cosine_similarity,0.9886991476144971,0.9850773536468875,0.9913906145939779,0.9886991476144971
converged_raw_seed9_model_last_9methods_haca3ctrl,converged_site_probe,raw,9.0,last,haca3,target_nyu,19,0,cross_correlation,0.9791636871259929,0.9729991382745774,0.9840450383756808,0.9791636871259929
converged_raw_seed9_model_last_9methods_haca3ctrl,converged_site_probe,raw,9.0,last,haca3,target_nyu,19,0,subject_wasserstein_raw_harm,0.0221786981154746,0.018847984082799068,0.02599732703198642,0.0221786981154746
converged_raw_seed9_model_last_9methods_haca3ctrl,converged_site_probe,raw,9.0,last,haca3,target_nyu,19,0,subject_kl_raw_harm,0.4932238091768065,0.41331304503914307,0.5725387507263587,0.4932238091768065
converged_raw_seed9_model_last_9methods_haca3ctrl,converged_site_probe,raw,9.0,last,haca3,target_nyu,19,0,raw_site_ba,1.0,1.0,1.0,
converged_raw_seed9_model_last_9methods_haca3ctrl,converged_site_probe,raw,9.0,last,haca3,target_nyu,19,0,harmonized_site_ba,0.7368421052631579,0.5263157894736842,0.9473684210526315,
converged_raw_seed9_model_last_9methods_haca3ctrl,converged_site_probe,raw,9.0,last,haca3,target_nyu,19,0,site_ba_drop,0.26315789473684215,0.052631578947368474,0.4736842105263158,
converged_raw_seed9_model_last_9methods_haca3ctrl,converged_site_probe,raw,9.0,last,haca3_preproc,all,109,0,psnr,24.004818120155743,23.677851081456403,24.34092861202334,24.004818120155743
converged_raw_seed9_model_last_9methods_haca3ctrl,converged_site_probe,raw,9.0,last,haca3_preproc,all,109,0,mse,0.005126276871975098,0.0046736558294557485,0.005611740167418263,0.005126276871975098
converged_raw_seed9_model_last_9methods_haca3ctrl,converged_site_probe,raw,9.0,last,haca3_preproc,all,109,0,mae,0.045477284529805956,0.04358661687528829,0.047467150074784595,0.045477284529805956
converged_raw_seed9_model_last_9methods_haca3ctrl,converged_site_probe,raw,9.0,last,haca3_preproc,all,109,0,pixel_cosine_similarity,0.9925970218114716,0.992049838799468,0.9930923443156738,0.9925970218114716
converged_raw_seed9_model_last_9methods_haca3ctrl,converged_site_probe,raw,9.0,last,haca3_preproc,all,109,0,cross_correlation,0.9864636007538925,0.9853587233858676,0.9874355240049513,0.9864636007538925
converged_raw_seed9_model_last_9methods_haca3ctrl,converged_site_probe,raw,9.0,last,haca3_preproc,all,109,0,subject_wasserstein_raw_harm,0.04077174008403761,0.03869554917036834,0.042947420351333636,0.04077174008403761
converged_raw_seed9_model_last_9methods_haca3ctrl,converged_site_probe,raw,9.0,last,haca3_preproc,all,109,0,subject_kl_raw_harm,0.1142985333145359,0.1029748659125107,0.1256592011776031,0.1142985333145359
converged_raw_seed9_model_last_9methods_haca3ctrl,converged_site_probe,raw,9.0,last,haca3_preproc,all,109,0,raw_site_ba,1.0,1.0,1.0,
converged_raw_seed9_model_last_9methods_haca3ctrl,converged_site_probe,raw,9.0,last,haca3_preproc,all,109,0,harmonized_site_ba,0.8754901960784314,0.8235294117647058,0.9255147058823527,
converged_raw_seed9_model_last_9methods_haca3ctrl,converged_site_probe,raw,9.0,last,haca3_preproc,all,109,0,site_ba_drop,0.12450980392156863,0.07448529411764714,0.17647058823529416,
converged_raw_seed9_model_last_9methods_haca3ctrl,converged_site_probe,raw,9.0,last,haca3_preproc,source_non_nyu,90,0,psnr,23.751879031669315,23.375410732143052,24.115637158567203,23.751879031669315
converged_raw_seed9_model_last_9methods_haca3ctrl,converged_site_probe,raw,9.0,last,haca3_preproc,source_non_nyu,90,0,mse,0.0055353148700123195,0.004992798488843399,0.006117319175661079,0.0055353148700123195
converged_raw_seed9_model_last_9methods_haca3ctrl,converged_site_probe,raw,9.0,last,haca3_preproc,source_non_nyu,90,0,mae,0.0472078229590195,0.04504008069178418,0.04954808654124027,0.0472078229590195
converged_raw_seed9_model_last_9methods_haca3ctrl,converged_site_probe,raw,9.0,last,haca3_preproc,source_non_nyu,90,0,pixel_cosine_similarity,0.9920173448975403,0.9913636875228781,0.9926165871062733,0.9920173448975403
converged_raw_seed9_model_last_9methods_haca3ctrl,converged_site_probe,raw,9.0,last,haca3_preproc,source_non_nyu,90,0,cross_correlation,0.9854502120277411,0.9841438526573978,0.9865876398145944,0.9854502120277411
converged_raw_seed9_model_last_9methods_haca3ctrl,converged_site_probe,raw,9.0,last,haca3_preproc,source_non_nyu,90,0,subject_wasserstein_raw_harm,0.04284305758159483,0.040533423819904886,0.04522887645885017,0.04284305758159483
converged_raw_seed9_model_last_9methods_haca3ctrl,converged_site_probe,raw,9.0,last,haca3_preproc,source_non_nyu,90,0,subject_kl_raw_harm,0.12738651977532278,0.11446328272562255,0.14161235658299434,0.12738651977532278
converged_raw_seed9_model_last_9methods_haca3ctrl,converged_site_probe,raw,9.0,last,haca3_preproc,source_non_nyu,90,0,raw_site_ba,1.0,1.0,1.0,
converged_raw_seed9_model_last_9methods_haca3ctrl,converged_site_probe,raw,9.0,last,haca3_preproc,source_non_nyu,90,0,harmonized_site_ba,0.8677083333333333,0.8114583333333333,0.9270833333333333,
converged_raw_seed9_model_last_9methods_haca3ctrl,converged_site_probe,raw,9.0,last,haca3_preproc,source_non_nyu,90,0,site_ba_drop,0.1322916666666667,0.07291666666666674,0.18854166666666672,
converged_raw_seed9_model_last_9methods_haca3ctrl,converged_site_probe,raw,9.0,last,haca3_preproc,target_nyu,19,0,psnr,25.202950644565124,24.565532260436786,25.814225448392666,25.202950644565124
converged_raw_seed9_model_last_9methods_haca3ctrl,converged_site_probe,raw,9.0,last,haca3_preproc,target_nyu,19,0,mse,0.0031887284602198267,0.0027103845678089276,0.003746473628345248,0.0031887284602198267
converged_raw_seed9_model_last_9methods_haca3ctrl,converged_site_probe,raw,9.0,last,haca3_preproc,target_nyu,19,0,mae,0.03727999723353128,0.0343266153681125,0.04045126710232796,0.03727999723353128
converged_raw_seed9_model_last_9methods_haca3ctrl,converged_site_probe,raw,9.0,last,haca3_preproc,target_nyu,19,0,pixel_cosine_similarity,0.9953428598248305,0.9948610688096547,0.9957755725646426,0.9953428598248305
converged_raw_seed9_model_last_9methods_haca3ctrl,converged_site_probe,raw,9.0,last,haca3_preproc,target_nyu,19,0,cross_correlation,0.9912638631409261,0.9903988216873533,0.9921023447694028,0.9912638631409261
converged_raw_seed9_model_last_9methods_haca3ctrl,converged_site_probe,raw,9.0,last,haca3_preproc,target_nyu,19,0,subject_wasserstein_raw_harm,0.03096023614824033,0.02719366827414916,0.03506899433821588,0.03096023614824033
converged_raw_seed9_model_last_9methods_haca3ctrl,converged_site_probe,raw,9.0,last,haca3_preproc,target_nyu,19,0,subject_kl_raw_harm,0.052302807973966574,0.04151294749163461,0.06463763019861683,0.052302807973966574
converged_raw_seed9_model_last_9methods_haca3ctrl,converged_site_probe,raw,9.0,last,haca3_preproc,target_nyu,19,0,raw_site_ba,1.0,1.0,1.0,
converged_raw_seed9_model_last_9methods_haca3ctrl,converged_site_probe,raw,9.0,last,haca3_preproc,target_nyu,19,0,harmonized_site_ba,1.0,1.0,1.0,
converged_raw_seed9_model_last_9methods_haca3ctrl,converged_site_probe,raw,9.0,last,haca3_preproc,target_nyu,19,0,site_ba_drop,0.0,0.0,0.0,
frozen_probe_v1_9methods_haca3ctrl,frozen,raw,,best,haca3,all,109,0,psnr,19.757823406103455,19.412611803029932,20.148537198512937,19.757823406103455
frozen_probe_v1_9methods_haca3ctrl,frozen,raw,,best,haca3,all,109,0,mse,0.014573677546952424,0.012746944037121753,0.01656708566403057,0.014573677546952424
frozen_probe_v1_9methods_haca3ctrl,frozen,raw,,best,haca3,all,109,0,mae,0.07227673546868342,0.0682823182822465,0.07629944975715025,0.07227673546868342
frozen_probe_v1_9methods_haca3ctrl,frozen,raw,,best,haca3,all,109,0,pixel_cosine_similarity,0.9779285027681635,0.9753468961894357,0.9802561329582556,0.9779285027681635
frozen_probe_v1_9methods_haca3ctrl,frozen,raw,,best,haca3,all,109,0,cross_correlation,0.9581618885196351,0.9529587453235624,0.9626315762146684,0.9581618885196351
frozen_probe_v1_9methods_haca3ctrl,frozen,raw,,best,haca3,all,109,0,subject_wasserstein_raw_harm,0.05514037639410434,0.05080343142228012,0.05918136131731276,0.05514037639410434
frozen_probe_v1_9methods_haca3ctrl,frozen,raw,,best,haca3,all,109,0,subject_kl_raw_harm,0.35852153991451013,0.33585697029243605,0.3836486077287239,0.35852153991451013
frozen_probe_v1_9methods_haca3ctrl,frozen,raw,,best,haca3,all,109,0,raw_site_ba,0.9509803921568626,0.9019607843137254,1.0,
frozen_probe_v1_9methods_haca3ctrl,frozen,raw,,best,haca3,all,109,0,harmonized_site_ba,0.29747899159663865,0.23374299719887956,0.35770658263305327,
frozen_probe_v1_9methods_haca3ctrl,frozen,raw,,best,haca3,all,109,0,site_ba_drop,0.653501400560224,0.5735189075630251,0.7334768907563025,
frozen_probe_v1_9methods_haca3ctrl,frozen,raw,,best,haca3,source_non_nyu,90,0,psnr,18.921265046256753,18.531426961437564,19.345431937044776,18.921265046256753
frozen_probe_v1_9methods_haca3ctrl,frozen,raw,,best,haca3,source_non_nyu,90,0,mse,0.01665159724371001,0.014477228157195241,0.018953002616618503,0.01665159724371001
frozen_probe_v1_9methods_haca3ctrl,frozen,raw,,best,haca3,source_non_nyu,90,0,mae,0.07813206387456499,0.07345677707458682,0.08272671370278299,0.07813206387456499
frozen_probe_v1_9methods_haca3ctrl,frozen,raw,,best,haca3,source_non_nyu,90,0,pixel_cosine_similarity,0.9756546999672707,0.9725123349434077,0.9784112241285363,0.9756546999672707
frozen_probe_v1_9methods_haca3ctrl,frozen,raw,,best,haca3,source_non_nyu,90,0,cross_correlation,0.9537281754805151,0.9475523142799411,0.9592321440147756,0.9537281754805151
frozen_probe_v1_9methods_haca3ctrl,frozen,raw,,best,haca3,source_non_nyu,90,0,subject_wasserstein_raw_harm,0.06209895291959284,0.05725379582418668,0.06676672926978844,0.06209895291959284
frozen_probe_v1_9methods_haca3ctrl,frozen,raw,,best,haca3,source_non_nyu,90,0,subject_kl_raw_harm,0.3300843941813587,0.30504050741980515,0.35623450569037873,0.3300843941813587
frozen_probe_v1_9methods_haca3ctrl,frozen,raw,,best,haca3,source_non_nyu,90,0,raw_site_ba,0.9479166666666666,0.8958333333333333,1.0,
frozen_probe_v1_9methods_haca3ctrl,frozen,raw,,best,haca3,source_non_nyu,90,0,harmonized_site_ba,0.25357142857142856,0.18377976190476192,0.323969494047619,
frozen_probe_v1_9methods_haca3ctrl,frozen,raw,,best,haca3,source_non_nyu,90,0,site_ba_drop,0.6943452380952381,0.601625744047619,0.7829017857142856,
frozen_probe_v1_9methods_haca3ctrl,frozen,raw,,best,haca3,target_nyu,19,0,psnr,23.720468268535214,22.81995644440203,24.51444726898572,23.720468268535214
frozen_probe_v1_9methods_haca3ctrl,frozen,raw,,best,haca3,target_nyu,19,0,mse,0.004730900035995459,0.0036906541328293975,0.005977310589954024,0.004730900035995459
frozen_probe_v1_9methods_haca3ctrl,frozen,raw,,best,haca3,target_nyu,19,0,mae,0.044540969335560135,0.04042609521663122,0.049174475243775995,0.044540969335560135
frozen_probe_v1_9methods_haca3ctrl,frozen,raw,,best,haca3,target_nyu,19,0,pixel_cosine_similarity,0.9886991476144971,0.9850773536468875,0.9913906145939779,0.9886991476144971
frozen_probe_v1_9methods_haca3ctrl,frozen,raw,,best,haca3,target_nyu,19,0,cross_correlation,0.9791636871259929,0.9729991382745774,0.9840450383756808,0.9791636871259929
frozen_probe_v1_9methods_haca3ctrl,frozen,raw,,best,haca3,target_nyu,19,0,subject_wasserstein_raw_harm,0.0221786981154746,0.018847984082799068,0.02599732703198642,0.0221786981154746
frozen_probe_v1_9methods_haca3ctrl,frozen,raw,,best,haca3,target_nyu,19,0,subject_kl_raw_harm,0.4932238091768065,0.41331304503914307,0.5725387507263587,0.4932238091768065
frozen_probe_v1_9methods_haca3ctrl,frozen,raw,,best,haca3,target_nyu,19,0,raw_site_ba,1.0,1.0,1.0,
frozen_probe_v1_9methods_haca3ctrl,frozen,raw,,best,haca3,target_nyu,19,0,harmonized_site_ba,1.0,1.0,1.0,
frozen_probe_v1_9methods_haca3ctrl,frozen,raw,,best,haca3,target_nyu,19,0,site_ba_drop,0.0,0.0,0.0,
frozen_probe_v1_9methods_haca3ctrl,frozen,raw,,best,haca3_preproc,all,109,0,psnr,24.004818120155743,23.677851081456403,24.34092861202334,24.004818120155743
frozen_probe_v1_9methods_haca3ctrl,frozen,raw,,best,haca3_preproc,all,109,0,mse,0.005126276871975098,0.0046736558294557485,0.005611740167418263,0.005126276871975098
frozen_probe_v1_9methods_haca3ctrl,frozen,raw,,best,haca3_preproc,all,109,0,mae,0.045477284529805956,0.04358661687528829,0.047467150074784595,0.045477284529805956
frozen_probe_v1_9methods_haca3ctrl,frozen,raw,,best,haca3_preproc,all,109,0,pixel_cosine_similarity,0.9925970218114716,0.992049838799468,0.9930923443156738,0.9925970218114716
frozen_probe_v1_9methods_haca3ctrl,frozen,raw,,best,haca3_preproc,all,109,0,cross_correlation,0.9864636007538925,0.9853587233858676,0.9874355240049513,0.9864636007538925
frozen_probe_v1_9methods_haca3ctrl,frozen,raw,,best,haca3_preproc,all,109,0,subject_wasserstein_raw_harm,0.04077174008403761,0.03869554917036834,0.042947420351333636,0.04077174008403761
frozen_probe_v1_9methods_haca3ctrl,frozen,raw,,best,haca3_preproc,all,109,0,subject_kl_raw_harm,0.1142985333145359,0.1029748659125107,0.1256592011776031,0.1142985333145359
frozen_probe_v1_9methods_haca3ctrl,frozen,raw,,best,haca3_preproc,all,109,0,raw_site_ba,0.9509803921568626,0.9019607843137254,1.0,
frozen_probe_v1_9methods_haca3ctrl,frozen,raw,,best,haca3_preproc,all,109,0,harmonized_site_ba,0.6284313725490196,0.5617647058823529,0.6950980392156864,
frozen_probe_v1_9methods_haca3ctrl,frozen,raw,,best,haca3_preproc,all,109,0,site_ba_drop,0.322549019607843,0.21862745098039216,0.42061274509803914,
frozen_probe_v1_9methods_haca3ctrl,frozen,raw,,best,haca3_preproc,source_non_nyu,90,0,psnr,23.751879031669315,23.375410732143052,24.115637158567203,23.751879031669315
frozen_probe_v1_9methods_haca3ctrl,frozen,raw,,best,haca3_preproc,source_non_nyu,90,0,mse,0.0055353148700123195,0.004992798488843399,0.006117319175661079,0.0055353148700123195
frozen_probe_v1_9methods_haca3ctrl,frozen,raw,,best,haca3_preproc,source_non_nyu,90,0,mae,0.0472078229590195,0.04504008069178418,0.04954808654124027,0.0472078229590195
frozen_probe_v1_9methods_haca3ctrl,frozen,raw,,best,haca3_preproc,source_non_nyu,90,0,pixel_cosine_similarity,0.9920173448975403,0.9913636875228781,0.9926165871062733,0.9920173448975403
frozen_probe_v1_9methods_haca3ctrl,frozen,raw,,best,haca3_preproc,source_non_nyu,90,0,cross_correlation,0.9854502120277411,0.9841438526573978,0.9865876398145944,0.9854502120277411
frozen_probe_v1_9methods_haca3ctrl,frozen,raw,,best,haca3_preproc,source_non_nyu,90,0,subject_wasserstein_raw_harm,0.04284305758159483,0.040533423819904886,0.04522887645885017,0.04284305758159483
frozen_probe_v1_9methods_haca3ctrl,frozen,raw,,best,haca3_preproc,source_non_nyu,90,0,subject_kl_raw_harm,0.12738651977532278,0.11446328272562255,0.14161235658299434,0.12738651977532278
frozen_probe_v1_9methods_haca3ctrl,frozen,raw,,best,haca3_preproc,source_non_nyu,90,0,raw_site_ba,0.9479166666666666,0.8958333333333333,1.0,
frozen_probe_v1_9methods_haca3ctrl,frozen,raw,,best,haca3_preproc,source_non_nyu,90,0,harmonized_site_ba,0.6052083333333333,0.532265625,0.6760416666666667,
frozen_probe_v1_9methods_haca3ctrl,frozen,raw,,best,haca3_preproc,source_non_nyu,90,0,site_ba_drop,0.3427083333333333,0.23645833333333333,0.448984375,
frozen_probe_v1_9methods_haca3ctrl,frozen,raw,,best,haca3_preproc,target_nyu,19,0,psnr,25.202950644565124,24.565532260436786,25.814225448392666,25.202950644565124
frozen_probe_v1_9methods_haca3ctrl,frozen,raw,,best,haca3_preproc,target_nyu,19,0,mse,0.0031887284602198267,0.0027103845678089276,0.003746473628345248,0.0031887284602198267
frozen_probe_v1_9methods_haca3ctrl,frozen,raw,,best,haca3_preproc,target_nyu,19,0,mae,0.03727999723353128,0.0343266153681125,0.04045126710232796,0.03727999723353128
frozen_probe_v1_9methods_haca3ctrl,frozen,raw,,best,haca3_preproc,target_nyu,19,0,pixel_cosine_similarity,0.9953428598248305,0.9948610688096547,0.9957755725646426,0.9953428598248305
frozen_probe_v1_9methods_haca3ctrl,frozen,raw,,best,haca3_preproc,target_nyu,19,0,cross_correlation,0.9912638631409261,0.9903988216873533,0.9921023447694028,0.9912638631409261
frozen_probe_v1_9methods_haca3ctrl,frozen,raw,,best,haca3_preproc,target_nyu,19,0,subject_wasserstein_raw_harm,0.03096023614824033,0.02719366827414916,0.03506899433821588,0.03096023614824033
frozen_probe_v1_9methods_haca3ctrl,frozen,raw,,best,haca3_preproc,target_nyu,19,0,subject_kl_raw_harm,0.052302807973966574,0.04151294749163461,0.06463763019861683,0.052302807973966574
frozen_probe_v1_9methods_haca3ctrl,frozen,raw,,best,haca3_preproc,target_nyu,19,0,raw_site_ba,1.0,1.0,1.0,
frozen_probe_v1_9methods_haca3ctrl,frozen,raw,,best,haca3_preproc,target_nyu,19,0,harmonized_site_ba,1.0,1.0,1.0,
frozen_probe_v1_9methods_haca3ctrl,frozen,raw,,best,haca3_preproc,target_nyu,19,0,site_ba_drop,0.0,0.0,0.0,
retrained_raw_seed1_model_best_9methods_haca3ctrl,retrained_site_probe,raw,1.0,best,haca3,all,109,0,psnr,19.757823406103455,19.412611803029932,20.148537198512937,19.757823406103455
retrained_raw_seed1_model_best_9methods_haca3ctrl,retrained_site_probe,raw,1.0,best,haca3,all,109,0,mse,0.014573677546952424,0.012746944037121753,0.01656708566403057,0.014573677546952424
retrained_raw_seed1_model_best_9methods_haca3ctrl,retrained_site_probe,raw,1.0,best,haca3,all,109,0,mae,0.07227673546868342,0.0682823182822465,0.07629944975715025,0.07227673546868342
retrained_raw_seed1_model_best_9methods_haca3ctrl,retrained_site_probe,raw,1.0,best,haca3,all,109,0,pixel_cosine_similarity,0.9779285027681635,0.9753468961894357,0.9802561329582556,0.9779285027681635
retrained_raw_seed1_model_best_9methods_haca3ctrl,retrained_site_probe,raw,1.0,best,haca3,all,109,0,cross_correlation,0.9581618885196351,0.9529587453235624,0.9626315762146684,0.9581618885196351
retrained_raw_seed1_model_best_9methods_haca3ctrl,retrained_site_probe,raw,1.0,best,haca3,all,109,0,subject_wasserstein_raw_harm,0.05514037639410434,0.05080343142228012,0.05918136131731276,0.05514037639410434
retrained_raw_seed1_model_best_9methods_haca3ctrl,retrained_site_probe,raw,1.0,best,haca3,all,109,0,subject_kl_raw_harm,0.35852153991451013,0.33585697029243605,0.3836486077287239,0.35852153991451013
retrained_raw_seed1_model_best_9methods_haca3ctrl,retrained_site_probe,raw,1.0,best,haca3,all,109,0,raw_site_ba,0.9509803921568626,0.9019607843137255,1.0,
retrained_raw_seed1_model_best_9methods_haca3ctrl,retrained_site_probe,raw,1.0,best,haca3,all,109,0,harmonized_site_ba,0.2243550051599587,0.18121001031991743,0.269453044375645,
retrained_raw_seed1_model_best_9methods_haca3ctrl,retrained_site_probe,raw,1.0,best,haca3,all,109,0,site_ba_drop,0.7266253869969039,0.6764705882352942,0.7771026831785346,
retrained_raw_seed1_model_best_9methods_haca3ctrl,retrained_site_probe,raw,1.0,best,haca3,source_non_nyu,90,0,psnr,18.921265046256753,18.531426961437564,19.345431937044776,18.921265046256753
retrained_raw_seed1_model_best_9methods_haca3ctrl,retrained_site_probe,raw,1.0,best,haca3,source_non_nyu,90,0,mse,0.01665159724371001,0.014477228157195241,0.018953002616618503,0.01665159724371001
retrained_raw_seed1_model_best_9methods_haca3ctrl,retrained_site_probe,raw,1.0,best,haca3,source_non_nyu,90,0,mae,0.07813206387456499,0.07345677707458682,0.08272671370278299,0.07813206387456499
retrained_raw_seed1_model_best_9methods_haca3ctrl,retrained_site_probe,raw,1.0,best,haca3,source_non_nyu,90,0,pixel_cosine_similarity,0.9756546999672707,0.9725123349434077,0.9784112241285363,0.9756546999672707
retrained_raw_seed1_model_best_9methods_haca3ctrl,retrained_site_probe,raw,1.0,best,haca3,source_non_nyu,90,0,cross_correlation,0.9537281754805151,0.9475523142799411,0.9592321440147756,0.9537281754805151
retrained_raw_seed1_model_best_9methods_haca3ctrl,retrained_site_probe,raw,1.0,best,haca3,source_non_nyu,90,0,subject_wasserstein_raw_harm,0.06209895291959284,0.05725379582418668,0.06676672926978844,0.06209895291959284
retrained_raw_seed1_model_best_9methods_haca3ctrl,retrained_site_probe,raw,1.0,best,haca3,source_non_nyu,90,0,subject_kl_raw_harm,0.3300843941813587,0.30504050741980515,0.35623450569037873,0.3300843941813587
retrained_raw_seed1_model_best_9methods_haca3ctrl,retrained_site_probe,raw,1.0,best,haca3,source_non_nyu,90,0,raw_site_ba,0.9479166666666666,0.8958333333333334,1.0,
retrained_raw_seed1_model_best_9methods_haca3ctrl,retrained_site_probe,raw,1.0,best,haca3,source_non_nyu,90,0,harmonized_site_ba,0.17916666666666664,0.12916666666666668,0.225,
retrained_raw_seed1_model_best_9methods_haca3ctrl,retrained_site_probe,raw,1.0,best,haca3,source_non_nyu,90,0,site_ba_drop,0.76875,0.7145833333333333,0.8208333333333333,
retrained_raw_seed1_model_best_9methods_haca3ctrl,retrained_site_probe,raw,1.0,best,haca3,target_nyu,19,0,psnr,23.720468268535214,22.81995644440203,24.51444726898572,23.720468268535214
retrained_raw_seed1_model_best_9methods_haca3ctrl,retrained_site_probe,raw,1.0,best,haca3,target_nyu,19,0,mse,0.004730900035995459,0.0036906541328293975,0.005977310589954024,0.004730900035995459
retrained_raw_seed1_model_best_9methods_haca3ctrl,retrained_site_probe,raw,1.0,best,haca3,target_nyu,19,0,mae,0.044540969335560135,0.04042609521663122,0.049174475243775995,0.044540969335560135
retrained_raw_seed1_model_best_9methods_haca3ctrl,retrained_site_probe,raw,1.0,best,haca3,target_nyu,19,0,pixel_cosine_similarity,0.9886991476144971,0.9850773536468875,0.9913906145939779,0.9886991476144971
retrained_raw_seed1_model_best_9methods_haca3ctrl,retrained_site_probe,raw,1.0,best,haca3,target_nyu,19,0,cross_correlation,0.9791636871259929,0.9729991382745774,0.9840450383756808,0.9791636871259929
retrained_raw_seed1_model_best_9methods_haca3ctrl,retrained_site_probe,raw,1.0,best,haca3,target_nyu,19,0,subject_wasserstein_raw_harm,0.0221786981154746,0.018847984082799068,0.02599732703198642,0.0221786981154746
retrained_raw_seed1_model_best_9methods_haca3ctrl,retrained_site_probe,raw,1.0,best,haca3,target_nyu,19,0,subject_kl_raw_harm,0.4932238091768065,0.41331304503914307,0.5725387507263587,0.4932238091768065
retrained_raw_seed1_model_best_9methods_haca3ctrl,retrained_site_probe,raw,1.0,best,haca3,target_nyu,19,0,raw_site_ba,1.0,1.0,1.0,
retrained_raw_seed1_model_best_9methods_haca3ctrl,retrained_site_probe,raw,1.0,best,haca3,target_nyu,19,0,harmonized_site_ba,0.9473684210526315,0.8421052631578947,1.0,
retrained_raw_seed1_model_best_9methods_haca3ctrl,retrained_site_probe,raw,1.0,best,haca3,target_nyu,19,0,site_ba_drop,0.052631578947368474,0.0,0.1578947368421053,
retrained_raw_seed1_model_best_9methods_haca3ctrl,retrained_site_probe,raw,1.0,best,haca3_preproc,all,109,0,psnr,24.004818120155743,23.677851081456403,24.34092861202334,24.004818120155743
retrained_raw_seed1_model_best_9methods_haca3ctrl,retrained_site_probe,raw,1.0,best,haca3_preproc,all,109,0,mse,0.005126276871975098,0.0046736558294557485,0.005611740167418263,0.005126276871975098
retrained_raw_seed1_model_best_9methods_haca3ctrl,retrained_site_probe,raw,1.0,best,haca3_preproc,all,109,0,mae,0.045477284529805956,0.04358661687528829,0.047467150074784595,0.045477284529805956
retrained_raw_seed1_model_best_9methods_haca3ctrl,retrained_site_probe,raw,1.0,best,haca3_preproc,all,109,0,pixel_cosine_similarity,0.9925970218114716,0.992049838799468,0.9930923443156738,0.9925970218114716
retrained_raw_seed1_model_best_9methods_haca3ctrl,retrained_site_probe,raw,1.0,best,haca3_preproc,all,109,0,cross_correlation,0.9864636007538925,0.9853587233858676,0.9874355240049513,0.9864636007538925
retrained_raw_seed1_model_best_9methods_haca3ctrl,retrained_site_probe,raw,1.0,best,haca3_preproc,all,109,0,subject_wasserstein_raw_harm,0.04077174008403761,0.03869554917036834,0.042947420351333636,0.04077174008403761
retrained_raw_seed1_model_best_9methods_haca3ctrl,retrained_site_probe,raw,1.0,best,haca3_preproc,all,109,0,subject_kl_raw_harm,0.1142985333145359,0.1029748659125107,0.1256592011776031,0.1142985333145359
retrained_raw_seed1_model_best_9methods_haca3ctrl,retrained_site_probe,raw,1.0,best,haca3_preproc,all,109,0,raw_site_ba,0.9509803921568626,0.9019607843137255,1.0,
retrained_raw_seed1_model_best_9methods_haca3ctrl,retrained_site_probe,raw,1.0,best,haca3_preproc,all,109,0,harmonized_site_ba,0.6892156862745097,0.6303921568627451,0.7480637254901961,
retrained_raw_seed1_model_best_9methods_haca3ctrl,retrained_site_probe,raw,1.0,best,haca3_preproc,all,109,0,site_ba_drop,0.2617647058823529,0.18333333333333324,0.3392156862745098,
retrained_raw_seed1_model_best_9methods_haca3ctrl,retrained_site_probe,raw,1.0,best,haca3_preproc,source_non_nyu,90,0,psnr,23.751879031669315,23.375410732143052,24.115637158567203,23.751879031669315
retrained_raw_seed1_model_best_9methods_haca3ctrl,retrained_site_probe,raw,1.0,best,haca3_preproc,source_non_nyu,90,0,mse,0.0055353148700123195,0.004992798488843399,0.006117319175661079,0.0055353148700123195
retrained_raw_seed1_model_best_9methods_haca3ctrl,retrained_site_probe,raw,1.0,best,haca3_preproc,source_non_nyu,90,0,mae,0.0472078229590195,0.04504008069178418,0.04954808654124027,0.0472078229590195
retrained_raw_seed1_model_best_9methods_haca3ctrl,retrained_site_probe,raw,1.0,best,haca3_preproc,source_non_nyu,90,0,pixel_cosine_similarity,0.9920173448975403,0.9913636875228781,0.9926165871062733,0.9920173448975403
retrained_raw_seed1_model_best_9methods_haca3ctrl,retrained_site_probe,raw,1.0,best,haca3_preproc,source_non_nyu,90,0,cross_correlation,0.9854502120277411,0.9841438526573978,0.9865876398145944,0.9854502120277411
retrained_raw_seed1_model_best_9methods_haca3ctrl,retrained_site_probe,raw,1.0,best,haca3_preproc,source_non_nyu,90,0,subject_wasserstein_raw_harm,0.04284305758159483,0.040533423819904886,0.04522887645885017,0.04284305758159483
retrained_raw_seed1_model_best_9methods_haca3ctrl,retrained_site_probe,raw,1.0,best,haca3_preproc,source_non_nyu,90,0,subject_kl_raw_harm,0.12738651977532278,0.11446328272562255,0.14161235658299434,0.12738651977532278
retrained_raw_seed1_model_best_9methods_haca3ctrl,retrained_site_probe,raw,1.0,best,haca3_preproc,source_non_nyu,90,0,raw_site_ba,0.9479166666666666,0.8958333333333334,1.0,
retrained_raw_seed1_model_best_9methods_haca3ctrl,retrained_site_probe,raw,1.0,best,haca3_preproc,source_non_nyu,90,0,harmonized_site_ba,0.6697916666666667,0.6041666666666666,0.7333593749999999,
retrained_raw_seed1_model_best_9methods_haca3ctrl,retrained_site_probe,raw,1.0,best,haca3_preproc,source_non_nyu,90,0,site_ba_drop,0.27812499999999996,0.19789062499999996,0.36354166666666665,
retrained_raw_seed1_model_best_9methods_haca3ctrl,retrained_site_probe,raw,1.0,best,haca3_preproc,target_nyu,19,0,psnr,25.202950644565124,24.565532260436786,25.814225448392666,25.202950644565124
retrained_raw_seed1_model_best_9methods_haca3ctrl,retrained_site_probe,raw,1.0,best,haca3_preproc,target_nyu,19,0,mse,0.0031887284602198267,0.0027103845678089276,0.003746473628345248,0.0031887284602198267
retrained_raw_seed1_model_best_9methods_haca3ctrl,retrained_site_probe,raw,1.0,best,haca3_preproc,target_nyu,19,0,mae,0.03727999723353128,0.0343266153681125,0.04045126710232796,0.03727999723353128
retrained_raw_seed1_model_best_9methods_haca3ctrl,retrained_site_probe,raw,1.0,best,haca3_preproc,target_nyu,19,0,pixel_cosine_similarity,0.9953428598248305,0.9948610688096547,0.9957755725646426,0.9953428598248305
retrained_raw_seed1_model_best_9methods_haca3ctrl,retrained_site_probe,raw,1.0,best,haca3_preproc,target_nyu,19,0,cross_correlation,0.9912638631409261,0.9903988216873533,0.9921023447694028,0.9912638631409261
retrained_raw_seed1_model_best_9methods_haca3ctrl,retrained_site_probe,raw,1.0,best,haca3_preproc,target_nyu,19,0,subject_wasserstein_raw_harm,0.03096023614824033,0.02719366827414916,0.03506899433821588,0.03096023614824033
retrained_raw_seed1_model_best_9methods_haca3ctrl,retrained_site_probe,raw,1.0,best,haca3_preproc,target_nyu,19,0,subject_kl_raw_harm,0.052302807973966574,0.04151294749163461,0.06463763019861683,0.052302807973966574
retrained_raw_seed1_model_best_9methods_haca3ctrl,retrained_site_probe,raw,1.0,best,haca3_preproc,target_nyu,19,0,raw_site_ba,1.0,1.0,1.0,
retrained_raw_seed1_model_best_9methods_haca3ctrl,retrained_site_probe,raw,1.0,best,haca3_preproc,target_nyu,19,0,harmonized_site_ba,1.0,1.0,1.0,
retrained_raw_seed1_model_best_9methods_haca3ctrl,retrained_site_probe,raw,1.0,best,haca3_preproc,target_nyu,19,0,site_ba_drop,0.0,0.0,0.0,
retrained_raw_seed2_model_best_9methods_haca3ctrl,retrained_site_probe,raw,2.0,best,haca3,all,109,0,psnr,19.757823406103455,19.412611803029932,20.148537198512937,19.757823406103455
retrained_raw_seed2_model_best_9methods_haca3ctrl,retrained_site_probe,raw,2.0,best,haca3,all,109,0,mse,0.014573677546952424,0.012746944037121753,0.01656708566403057,0.014573677546952424
retrained_raw_seed2_model_best_9methods_haca3ctrl,retrained_site_probe,raw,2.0,best,haca3,all,109,0,mae,0.07227673546868342,0.0682823182822465,0.07629944975715025,0.07227673546868342
retrained_raw_seed2_model_best_9methods_haca3ctrl,retrained_site_probe,raw,2.0,best,haca3,all,109,0,pixel_cosine_similarity,0.9779285027681635,0.9753468961894357,0.9802561329582556,0.9779285027681635
retrained_raw_seed2_model_best_9methods_haca3ctrl,retrained_site_probe,raw,2.0,best,haca3,all,109,0,cross_correlation,0.9581618885196351,0.9529587453235624,0.9626315762146684,0.9581618885196351
retrained_raw_seed2_model_best_9methods_haca3ctrl,retrained_site_probe,raw,2.0,best,haca3,all,109,0,subject_wasserstein_raw_harm,0.05514037639410434,0.05080343142228012,0.05918136131731276,0.05514037639410434
retrained_raw_seed2_model_best_9methods_haca3ctrl,retrained_site_probe,raw,2.0,best,haca3,all,109,0,subject_kl_raw_harm,0.35852153991451013,0.33585697029243605,0.3836486077287239,0.35852153991451013
retrained_raw_seed2_model_best_9methods_haca3ctrl,retrained_site_probe,raw,2.0,best,haca3,all,109,0,raw_site_ba,0.9204334365325078,0.8705882352941177,0.973374613003096,
retrained_raw_seed2_model_best_9methods_haca3ctrl,retrained_site_probe,raw,2.0,best,haca3,all,109,0,harmonized_site_ba,0.38208020050125313,0.3268091183841958,0.44389484741264923,
retrained_raw_seed2_model_best_9methods_haca3ctrl,retrained_site_probe,raw,2.0,best,haca3,all,109,0,site_ba_drop,0.5383532360312546,0.46952196668140944,0.6071238758661359,
retrained_raw_seed2_model_best_9methods_haca3ctrl,retrained_site_probe,raw,2.0,best,haca3,source_non_nyu,90,0,psnr,18.921265046256753,18.531426961437564,19.345431937044776,18.921265046256753
retrained_raw_seed2_model_best_9methods_haca3ctrl,retrained_site_probe,raw,2.0,best,haca3,source_non_nyu,90,0,mse,0.01665159724371001,0.014477228157195241,0.018953002616618503,0.01665159724371001
retrained_raw_seed2_model_best_9methods_haca3ctrl,retrained_site_probe,raw,2.0,best,haca3,source_non_nyu,90,0,mae,0.07813206387456499,0.07345677707458682,0.08272671370278299,0.07813206387456499
retrained_raw_seed2_model_best_9methods_haca3ctrl,retrained_site_probe,raw,2.0,best,haca3,source_non_nyu,90,0,pixel_cosine_similarity,0.9756546999672707,0.9725123349434077,0.9784112241285363,0.9756546999672707
retrained_raw_seed2_model_best_9methods_haca3ctrl,retrained_site_probe,raw,2.0,best,haca3,source_non_nyu,90,0,cross_correlation,0.9537281754805151,0.9475523142799411,0.9592321440147756,0.9537281754805151
retrained_raw_seed2_model_best_9methods_haca3ctrl,retrained_site_probe,raw,2.0,best,haca3,source_non_nyu,90,0,subject_wasserstein_raw_harm,0.06209895291959284,0.05725379582418668,0.06676672926978844,0.06209895291959284
retrained_raw_seed2_model_best_9methods_haca3ctrl,retrained_site_probe,raw,2.0,best,haca3,source_non_nyu,90,0,subject_kl_raw_harm,0.3300843941813587,0.30504050741980515,0.35623450569037873,0.3300843941813587
retrained_raw_seed2_model_best_9methods_haca3ctrl,retrained_site_probe,raw,2.0,best,haca3,source_non_nyu,90,0,raw_site_ba,0.91875,0.8625,0.975,
retrained_raw_seed2_model_best_9methods_haca3ctrl,retrained_site_probe,raw,2.0,best,haca3,source_non_nyu,90,0,harmonized_site_ba,0.3730654761904762,0.3103980654761905,0.4339285714285714,
retrained_raw_seed2_model_best_9methods_haca3ctrl,retrained_site_probe,raw,2.0,best,haca3,source_non_nyu,90,0,site_ba_drop,0.5456845238095238,0.47900669642857147,0.6223214285714286,
retrained_raw_seed2_model_best_9methods_haca3ctrl,retrained_site_probe,raw,2.0,best,haca3,target_nyu,19,0,psnr,23.720468268535214,22.81995644440203,24.51444726898572,23.720468268535214
retrained_raw_seed2_model_best_9methods_haca3ctrl,retrained_site_probe,raw,2.0,best,haca3,target_nyu,19,0,mse,0.004730900035995459,0.0036906541328293975,0.005977310589954024,0.004730900035995459
retrained_raw_seed2_model_best_9methods_haca3ctrl,retrained_site_probe,raw,2.0,best,haca3,target_nyu,19,0,mae,0.044540969335560135,0.04042609521663122,0.049174475243775995,0.044540969335560135
retrained_raw_seed2_model_best_9methods_haca3ctrl,retrained_site_probe,raw,2.0,best,haca3,target_nyu,19,0,pixel_cosine_similarity,0.9886991476144971,0.9850773536468875,0.9913906145939779,0.9886991476144971
retrained_raw_seed2_model_best_9methods_haca3ctrl,retrained_site_probe,raw,2.0,best,haca3,target_nyu,19,0,cross_correlation,0.9791636871259929,0.9729991382745774,0.9840450383756808,0.9791636871259929
retrained_raw_seed2_model_best_9methods_haca3ctrl,retrained_site_probe,raw,2.0,best,haca3,target_nyu,19,0,subject_wasserstein_raw_harm,0.0221786981154746,0.018847984082799068,0.02599732703198642,0.0221786981154746
retrained_raw_seed2_model_best_9methods_haca3ctrl,retrained_site_probe,raw,2.0,best,haca3,target_nyu,19,0,subject_kl_raw_harm,0.4932238091768065,0.41331304503914307,0.5725387507263587,0.4932238091768065
retrained_raw_seed2_model_best_9methods_haca3ctrl,retrained_site_probe,raw,2.0,best,haca3,target_nyu,19,0,raw_site_ba,0.9473684210526315,0.8421052631578947,1.0,
retrained_raw_seed2_model_best_9methods_haca3ctrl,retrained_site_probe,raw,2.0,best,haca3,target_nyu,19,0,harmonized_site_ba,0.5263157894736842,0.3157894736842105,0.7368421052631579,
retrained_raw_seed2_model_best_9methods_haca3ctrl,retrained_site_probe,raw,2.0,best,haca3,target_nyu,19,0,site_ba_drop,0.42105263157894735,0.21052631578947367,0.631578947368421,
retrained_raw_seed2_model_best_9methods_haca3ctrl,retrained_site_probe,raw,2.0,best,haca3_preproc,all,109,0,psnr,24.004818120155743,23.677851081456403,24.34092861202334,24.004818120155743
retrained_raw_seed2_model_best_9methods_haca3ctrl,retrained_site_probe,raw,2.0,best,haca3_preproc,all,109,0,mse,0.005126276871975098,0.0046736558294557485,0.005611740167418263,0.005126276871975098
retrained_raw_seed2_model_best_9methods_haca3ctrl,retrained_site_probe,raw,2.0,best,haca3_preproc,all,109,0,mae,0.045477284529805956,0.04358661687528829,0.047467150074784595,0.045477284529805956
retrained_raw_seed2_model_best_9methods_haca3ctrl,retrained_site_probe,raw,2.0,best,haca3_preproc,all,109,0,pixel_cosine_similarity,0.9925970218114716,0.992049838799468,0.9930923443156738,0.9925970218114716
retrained_raw_seed2_model_best_9methods_haca3ctrl,retrained_site_probe,raw,2.0,best,haca3_preproc,all,109,0,cross_correlation,0.9864636007538925,0.9853587233858676,0.9874355240049513,0.9864636007538925
retrained_raw_seed2_model_best_9methods_haca3ctrl,retrained_site_probe,raw,2.0,best,haca3_preproc,all,109,0,subject_wasserstein_raw_harm,0.04077174008403761,0.03869554917036834,0.042947420351333636,0.04077174008403761
retrained_raw_seed2_model_best_9methods_haca3ctrl,retrained_site_probe,raw,2.0,best,haca3_preproc,all,109,0,subject_kl_raw_harm,0.1142985333145359,0.1029748659125107,0.1256592011776031,0.1142985333145359
retrained_raw_seed2_model_best_9methods_haca3ctrl,retrained_site_probe,raw,2.0,best,haca3_preproc,all,109,0,raw_site_ba,0.9204334365325078,0.8705882352941177,0.973374613003096,
retrained_raw_seed2_model_best_9methods_haca3ctrl,retrained_site_probe,raw,2.0,best,haca3_preproc,all,109,0,harmonized_site_ba,0.6255933952528379,0.5855443756449948,0.6595459236326109,
retrained_raw_seed2_model_best_9methods_haca3ctrl,retrained_site_probe,raw,2.0,best,haca3_preproc,all,109,0,site_ba_drop,0.2948400412796699,0.24076367389060893,0.3503663570691433,
retrained_raw_seed2_model_best_9methods_haca3ctrl,retrained_site_probe,raw,2.0,best,haca3_preproc,source_non_nyu,90,0,psnr,23.751879031669315,23.375410732143052,24.115637158567203,23.751879031669315
retrained_raw_seed2_model_best_9methods_haca3ctrl,retrained_site_probe,raw,2.0,best,haca3_preproc,source_non_nyu,90,0,mse,0.0055353148700123195,0.004992798488843399,0.006117319175661079,0.0055353148700123195
retrained_raw_seed2_model_best_9methods_haca3ctrl,retrained_site_probe,raw,2.0,best,haca3_preproc,source_non_nyu,90,0,mae,0.0472078229590195,0.04504008069178418,0.04954808654124027,0.0472078229590195
retrained_raw_seed2_model_best_9methods_haca3ctrl,retrained_site_probe,raw,2.0,best,haca3_preproc,source_non_nyu,90,0,pixel_cosine_similarity,0.9920173448975403,0.9913636875228781,0.9926165871062733,0.9920173448975403
retrained_raw_seed2_model_best_9methods_haca3ctrl,retrained_site_probe,raw,2.0,best,haca3_preproc,source_non_nyu,90,0,cross_correlation,0.9854502120277411,0.9841438526573978,0.9865876398145944,0.9854502120277411
retrained_raw_seed2_model_best_9methods_haca3ctrl,retrained_site_probe,raw,2.0,best,haca3_preproc,source_non_nyu,90,0,subject_wasserstein_raw_harm,0.04284305758159483,0.040533423819904886,0.04522887645885017,0.04284305758159483
retrained_raw_seed2_model_best_9methods_haca3ctrl,retrained_site_probe,raw,2.0,best,haca3_preproc,source_non_nyu,90,0,subject_kl_raw_harm,0.12738651977532278,0.11446328272562255,0.14161235658299434,0.12738651977532278
retrained_raw_seed2_model_best_9methods_haca3ctrl,retrained_site_probe,raw,2.0,best,haca3_preproc,source_non_nyu,90,0,raw_site_ba,0.91875,0.8625,0.975,
retrained_raw_seed2_model_best_9methods_haca3ctrl,retrained_site_probe,raw,2.0,best,haca3_preproc,source_non_nyu,90,0,harmonized_site_ba,0.6416666666666666,0.6020833333333333,0.675,
retrained_raw_seed2_model_best_9methods_haca3ctrl,retrained_site_probe,raw,2.0,best,haca3_preproc,source_non_nyu,90,0,site_ba_drop,0.27708333333333335,0.22083333333333333,0.3354166666666667,
retrained_raw_seed2_model_best_9methods_haca3ctrl,retrained_site_probe,raw,2.0,best,haca3_preproc,target_nyu,19,0,psnr,25.202950644565124,24.565532260436786,25.814225448392666,25.202950644565124
retrained_raw_seed2_model_best_9methods_haca3ctrl,retrained_site_probe,raw,2.0,best,haca3_preproc,target_nyu,19,0,mse,0.0031887284602198267,0.0027103845678089276,0.003746473628345248,0.0031887284602198267
retrained_raw_seed2_model_best_9methods_haca3ctrl,retrained_site_probe,raw,2.0,best,haca3_preproc,target_nyu,19,0,mae,0.03727999723353128,0.0343266153681125,0.04045126710232796,0.03727999723353128
retrained_raw_seed2_model_best_9methods_haca3ctrl,retrained_site_probe,raw,2.0,best,haca3_preproc,target_nyu,19,0,pixel_cosine_similarity,0.9953428598248305,0.9948610688096547,0.9957755725646426,0.9953428598248305
retrained_raw_seed2_model_best_9methods_haca3ctrl,retrained_site_probe,raw,2.0,best,haca3_preproc,target_nyu,19,0,cross_correlation,0.9912638631409261,0.9903988216873533,0.9921023447694028,0.9912638631409261
retrained_raw_seed2_model_best_9methods_haca3ctrl,retrained_site_probe,raw,2.0,best,haca3_preproc,target_nyu,19,0,subject_wasserstein_raw_harm,0.03096023614824033,0.02719366827414916,0.03506899433821588,0.03096023614824033
retrained_raw_seed2_model_best_9methods_haca3ctrl,retrained_site_probe,raw,2.0,best,haca3_preproc,target_nyu,19,0,subject_kl_raw_harm,0.052302807973966574,0.04151294749163461,0.06463763019861683,0.052302807973966574
retrained_raw_seed2_model_best_9methods_haca3ctrl,retrained_site_probe,raw,2.0,best,haca3_preproc,target_nyu,19,0,raw_site_ba,0.9473684210526315,0.8421052631578947,1.0,
retrained_raw_seed2_model_best_9methods_haca3ctrl,retrained_site_probe,raw,2.0,best,haca3_preproc,target_nyu,19,0,harmonized_site_ba,0.3684210526315789,0.15789473684210525,0.5789473684210527,
retrained_raw_seed2_model_best_9methods_haca3ctrl,retrained_site_probe,raw,2.0,best,haca3_preproc,target_nyu,19,0,site_ba_drop,0.5789473684210527,0.36842105263157887,0.7894736842105263,
retrained_raw_seed3_model_best_9methods_haca3ctrl,retrained_site_probe,raw,3.0,best,haca3,all,109,0,psnr,19.757823406103455,19.412611803029932,20.148537198512937,19.757823406103455
retrained_raw_seed3_model_best_9methods_haca3ctrl,retrained_site_probe,raw,3.0,best,haca3,all,109,0,mse,0.014573677546952424,0.012746944037121753,0.01656708566403057,0.014573677546952424
retrained_raw_seed3_model_best_9methods_haca3ctrl,retrained_site_probe,raw,3.0,best,haca3,all,109,0,mae,0.07227673546868342,0.0682823182822465,0.07629944975715025,0.07227673546868342
retrained_raw_seed3_model_best_9methods_haca3ctrl,retrained_site_probe,raw,3.0,best,haca3,all,109,0,pixel_cosine_similarity,0.9779285027681635,0.9753468961894357,0.9802561329582556,0.9779285027681635
retrained_raw_seed3_model_best_9methods_haca3ctrl,retrained_site_probe,raw,3.0,best,haca3,all,109,0,cross_correlation,0.9581618885196351,0.9529587453235624,0.9626315762146684,0.9581618885196351
retrained_raw_seed3_model_best_9methods_haca3ctrl,retrained_site_probe,raw,3.0,best,haca3,all,109,0,subject_wasserstein_raw_harm,0.05514037639410434,0.05080343142228012,0.05918136131731276,0.05514037639410434
retrained_raw_seed3_model_best_9methods_haca3ctrl,retrained_site_probe,raw,3.0,best,haca3,all,109,0,subject_kl_raw_harm,0.35852153991451013,0.33585697029243605,0.3836486077287239,0.35852153991451013
retrained_raw_seed3_model_best_9methods_haca3ctrl,retrained_site_probe,raw,3.0,best,haca3,all,109,0,raw_site_ba,0.9588235294117647,0.9176470588235294,1.0,
retrained_raw_seed3_model_best_9methods_haca3ctrl,retrained_site_probe,raw,3.0,best,haca3,all,109,0,harmonized_site_ba,0.28592068406309895,0.23039952823234555,0.34391862007961077,
retrained_raw_seed3_model_best_9methods_haca3ctrl,retrained_site_probe,raw,3.0,best,haca3,all,109,0,site_ba_drop,0.6729028453486658,0.5950386996904025,0.7463412206988057,
retrained_raw_seed3_model_best_9methods_haca3ctrl,retrained_site_probe,raw,3.0,best,haca3,source_non_nyu,90,0,psnr,18.921265046256753,18.531426961437564,19.345431937044776,18.921265046256753
retrained_raw_seed3_model_best_9methods_haca3ctrl,retrained_site_probe,raw,3.0,best,haca3,source_non_nyu,90,0,mse,0.01665159724371001,0.014477228157195241,0.018953002616618503,0.01665159724371001
retrained_raw_seed3_model_best_9methods_haca3ctrl,retrained_site_probe,raw,3.0,best,haca3,source_non_nyu,90,0,mae,0.07813206387456499,0.07345677707458682,0.08272671370278299,0.07813206387456499
retrained_raw_seed3_model_best_9methods_haca3ctrl,retrained_site_probe,raw,3.0,best,haca3,source_non_nyu,90,0,pixel_cosine_similarity,0.9756546999672707,0.9725123349434077,0.9784112241285363,0.9756546999672707
retrained_raw_seed3_model_best_9methods_haca3ctrl,retrained_site_probe,raw,3.0,best,haca3,source_non_nyu,90,0,cross_correlation,0.9537281754805151,0.9475523142799411,0.9592321440147756,0.9537281754805151
retrained_raw_seed3_model_best_9methods_haca3ctrl,retrained_site_probe,raw,3.0,best,haca3,source_non_nyu,90,0,subject_wasserstein_raw_harm,0.06209895291959284,0.05725379582418668,0.06676672926978844,0.06209895291959284
retrained_raw_seed3_model_best_9methods_haca3ctrl,retrained_site_probe,raw,3.0,best,haca3,source_non_nyu,90,0,subject_kl_raw_harm,0.3300843941813587,0.30504050741980515,0.35623450569037873,0.3300843941813587
retrained_raw_seed3_model_best_9methods_haca3ctrl,retrained_site_probe,raw,3.0,best,haca3,source_non_nyu,90,0,raw_site_ba,0.95625,0.9125,1.0,
retrained_raw_seed3_model_best_9methods_haca3ctrl,retrained_site_probe,raw,3.0,best,haca3,source_non_nyu,90,0,harmonized_site_ba,0.2577380952380952,0.1994047619047619,0.31608630952380945,
retrained_raw_seed3_model_best_9methods_haca3ctrl,retrained_site_probe,raw,3.0,best,haca3,source_non_nyu,90,0,site_ba_drop,0.6985119047619048,0.6208333333333333,0.7762276785714284,
retrained_raw_seed3_model_best_9methods_haca3ctrl,retrained_site_probe,raw,3.0,best,haca3,target_nyu,19,0,psnr,23.720468268535214,22.81995644440203,24.51444726898572,23.720468268535214
retrained_raw_seed3_model_best_9methods_haca3ctrl,retrained_site_probe,raw,3.0,best,haca3,target_nyu,19,0,mse,0.004730900035995459,0.0036906541328293975,0.005977310589954024,0.004730900035995459
retrained_raw_seed3_model_best_9methods_haca3ctrl,retrained_site_probe,raw,3.0,best,haca3,target_nyu,19,0,mae,0.044540969335560135,0.04042609521663122,0.049174475243775995,0.044540969335560135
retrained_raw_seed3_model_best_9methods_haca3ctrl,retrained_site_probe,raw,3.0,best,haca3,target_nyu,19,0,pixel_cosine_similarity,0.9886991476144971,0.9850773536468875,0.9913906145939779,0.9886991476144971
retrained_raw_seed3_model_best_9methods_haca3ctrl,retrained_site_probe,raw,3.0,best,haca3,target_nyu,19,0,cross_correlation,0.9791636871259929,0.9729991382745774,0.9840450383756808,0.9791636871259929
retrained_raw_seed3_model_best_9methods_haca3ctrl,retrained_site_probe,raw,3.0,best,haca3,target_nyu,19,0,subject_wasserstein_raw_harm,0.0221786981154746,0.018847984082799068,0.02599732703198642,0.0221786981154746
retrained_raw_seed3_model_best_9methods_haca3ctrl,retrained_site_probe,raw,3.0,best,haca3,target_nyu,19,0,subject_kl_raw_harm,0.4932238091768065,0.41331304503914307,0.5725387507263587,0.4932238091768065
retrained_raw_seed3_model_best_9methods_haca3ctrl,retrained_site_probe,raw,3.0,best,haca3,target_nyu,19,0,raw_site_ba,1.0,1.0,1.0,
retrained_raw_seed3_model_best_9methods_haca3ctrl,retrained_site_probe,raw,3.0,best,haca3,target_nyu,19,0,harmonized_site_ba,0.7368421052631579,0.5263157894736842,0.8947368421052632,
retrained_raw_seed3_model_best_9methods_haca3ctrl,retrained_site_probe,raw,3.0,best,haca3,target_nyu,19,0,site_ba_drop,0.26315789473684215,0.10526315789473684,0.4736842105263158,
retrained_raw_seed3_model_best_9methods_haca3ctrl,retrained_site_probe,raw,3.0,best,haca3_preproc,all,109,0,psnr,24.004818120155743,23.677851081456403,24.34092861202334,24.004818120155743
retrained_raw_seed3_model_best_9methods_haca3ctrl,retrained_site_probe,raw,3.0,best,haca3_preproc,all,109,0,mse,0.005126276871975098,0.0046736558294557485,0.005611740167418263,0.005126276871975098
retrained_raw_seed3_model_best_9methods_haca3ctrl,retrained_site_probe,raw,3.0,best,haca3_preproc,all,109,0,mae,0.045477284529805956,0.04358661687528829,0.047467150074784595,0.045477284529805956
retrained_raw_seed3_model_best_9methods_haca3ctrl,retrained_site_probe,raw,3.0,best,haca3_preproc,all,109,0,pixel_cosine_similarity,0.9925970218114716,0.992049838799468,0.9930923443156738,0.9925970218114716
retrained_raw_seed3_model_best_9methods_haca3ctrl,retrained_site_probe,raw,3.0,best,haca3_preproc,all,109,0,cross_correlation,0.9864636007538925,0.9853587233858676,0.9874355240049513,0.9864636007538925
retrained_raw_seed3_model_best_9methods_haca3ctrl,retrained_site_probe,raw,3.0,best,haca3_preproc,all,109,0,subject_wasserstein_raw_harm,0.04077174008403761,0.03869554917036834,0.042947420351333636,0.04077174008403761
retrained_raw_seed3_model_best_9methods_haca3ctrl,retrained_site_probe,raw,3.0,best,haca3_preproc,all,109,0,subject_kl_raw_harm,0.1142985333145359,0.1029748659125107,0.1256592011776031,0.1142985333145359
retrained_raw_seed3_model_best_9methods_haca3ctrl,retrained_site_probe,raw,3.0,best,haca3_preproc,all,109,0,raw_site_ba,0.9588235294117647,0.9176470588235294,1.0,
retrained_raw_seed3_model_best_9methods_haca3ctrl,retrained_site_probe,raw,3.0,best,haca3_preproc,all,109,0,harmonized_site_ba,0.6803921568627451,0.6156862745098038,0.7431372549019608,
retrained_raw_seed3_model_best_9methods_haca3ctrl,retrained_site_probe,raw,3.0,best,haca3_preproc,all,109,0,site_ba_drop,0.2784313725490196,0.20196078431372555,0.35882352941176465,
retrained_raw_seed3_model_best_9methods_haca3ctrl,retrained_site_probe,raw,3.0,best,haca3_preproc,source_non_nyu,90,0,psnr,23.751879031669315,23.375410732143052,24.115637158567203,23.751879031669315
retrained_raw_seed3_model_best_9methods_haca3ctrl,retrained_site_probe,raw,3.0,best,haca3_preproc,source_non_nyu,90,0,mse,0.0055353148700123195,0.004992798488843399,0.006117319175661079,0.0055353148700123195
retrained_raw_seed3_model_best_9methods_haca3ctrl,retrained_site_probe,raw,3.0,best,haca3_preproc,source_non_nyu,90,0,mae,0.0472078229590195,0.04504008069178418,0.04954808654124027,0.0472078229590195
retrained_raw_seed3_model_best_9methods_haca3ctrl,retrained_site_probe,raw,3.0,best,haca3_preproc,source_non_nyu,90,0,pixel_cosine_similarity,0.9920173448975403,0.9913636875228781,0.9926165871062733,0.9920173448975403
retrained_raw_seed3_model_best_9methods_haca3ctrl,retrained_site_probe,raw,3.0,best,haca3_preproc,source_non_nyu,90,0,cross_correlation,0.9854502120277411,0.9841438526573978,0.9865876398145944,0.9854502120277411
retrained_raw_seed3_model_best_9methods_haca3ctrl,retrained_site_probe,raw,3.0,best,haca3_preproc,source_non_nyu,90,0,subject_wasserstein_raw_harm,0.04284305758159483,0.040533423819904886,0.04522887645885017,0.04284305758159483
retrained_raw_seed3_model_best_9methods_haca3ctrl,retrained_site_probe,raw,3.0,best,haca3_preproc,source_non_nyu,90,0,subject_kl_raw_harm,0.12738651977532278,0.11446328272562255,0.14161235658299434,0.12738651977532278
retrained_raw_seed3_model_best_9methods_haca3ctrl,retrained_site_probe,raw,3.0,best,haca3_preproc,source_non_nyu,90,0,raw_site_ba,0.95625,0.9125,1.0,
retrained_raw_seed3_model_best_9methods_haca3ctrl,retrained_site_probe,raw,3.0,best,haca3_preproc,source_non_nyu,90,0,harmonized_site_ba,0.6604166666666667,0.5936979166666667,0.7270833333333333,
retrained_raw_seed3_model_best_9methods_haca3ctrl,retrained_site_probe,raw,3.0,best,haca3_preproc,source_non_nyu,90,0,site_ba_drop,0.2958333333333334,0.21458333333333335,0.37916666666666665,
retrained_raw_seed3_model_best_9methods_haca3ctrl,retrained_site_probe,raw,3.0,best,haca3_preproc,target_nyu,19,0,psnr,25.202950644565124,24.565532260436786,25.814225448392666,25.202950644565124
retrained_raw_seed3_model_best_9methods_haca3ctrl,retrained_site_probe,raw,3.0,best,haca3_preproc,target_nyu,19,0,mse,0.0031887284602198267,0.0027103845678089276,0.003746473628345248,0.0031887284602198267
retrained_raw_seed3_model_best_9methods_haca3ctrl,retrained_site_probe,raw,3.0,best,haca3_preproc,target_nyu,19,0,mae,0.03727999723353128,0.0343266153681125,0.04045126710232796,0.03727999723353128
retrained_raw_seed3_model_best_9methods_haca3ctrl,retrained_site_probe,raw,3.0,best,haca3_preproc,target_nyu,19,0,pixel_cosine_similarity,0.9953428598248305,0.9948610688096547,0.9957755725646426,0.9953428598248305
retrained_raw_seed3_model_best_9methods_haca3ctrl,retrained_site_probe,raw,3.0,best,haca3_preproc,target_nyu,19,0,cross_correlation,0.9912638631409261,0.9903988216873533,0.9921023447694028,0.9912638631409261
retrained_raw_seed3_model_best_9methods_haca3ctrl,retrained_site_probe,raw,3.0,best,haca3_preproc,target_nyu,19,0,subject_wasserstein_raw_harm,0.03096023614824033,0.02719366827414916,0.03506899433821588,0.03096023614824033
retrained_raw_seed3_model_best_9methods_haca3ctrl,retrained_site_probe,raw,3.0,best,haca3_preproc,target_nyu,19,0,subject_kl_raw_harm,0.052302807973966574,0.04151294749163461,0.06463763019861683,0.052302807973966574
retrained_raw_seed3_model_best_9methods_haca3ctrl,retrained_site_probe,raw,3.0,best,haca3_preproc,target_nyu,19,0,raw_site_ba,1.0,1.0,1.0,
retrained_raw_seed3_model_best_9methods_haca3ctrl,retrained_site_probe,raw,3.0,best,haca3_preproc,target_nyu,19,0,harmonized_site_ba,1.0,1.0,1.0,
retrained_raw_seed3_model_best_9methods_haca3ctrl,retrained_site_probe,raw,3.0,best,haca3_preproc,target_nyu,19,0,site_ba_drop,0.0,0.0,0.0,
retrained_raw_seed42_model_best_9methods_haca3ctrl,retrained_site_probe,raw,42.0,best,haca3,all,109,0,psnr,19.757823406103455,19.412611803029932,20.148537198512937,19.757823406103455
retrained_raw_seed42_model_best_9methods_haca3ctrl,retrained_site_probe,raw,42.0,best,haca3,all,109,0,mse,0.014573677546952424,0.012746944037121753,0.01656708566403057,0.014573677546952424
retrained_raw_seed42_model_best_9methods_haca3ctrl,retrained_site_probe,raw,42.0,best,haca3,all,109,0,mae,0.07227673546868342,0.0682823182822465,0.07629944975715025,0.07227673546868342
retrained_raw_seed42_model_best_9methods_haca3ctrl,retrained_site_probe,raw,42.0,best,haca3,all,109,0,pixel_cosine_similarity,0.9779285027681635,0.9753468961894357,0.9802561329582556,0.9779285027681635
retrained_raw_seed42_model_best_9methods_haca3ctrl,retrained_site_probe,raw,42.0,best,haca3,all,109,0,cross_correlation,0.9581618885196351,0.9529587453235624,0.9626315762146684,0.9581618885196351
retrained_raw_seed42_model_best_9methods_haca3ctrl,retrained_site_probe,raw,42.0,best,haca3,all,109,0,subject_wasserstein_raw_harm,0.05514037639410434,0.05080343142228012,0.05918136131731276,0.05514037639410434
retrained_raw_seed42_model_best_9methods_haca3ctrl,retrained_site_probe,raw,42.0,best,haca3,all,109,0,subject_kl_raw_harm,0.35852153991451013,0.33585697029243605,0.3836486077287239,0.35852153991451013
retrained_raw_seed42_model_best_9methods_haca3ctrl,retrained_site_probe,raw,42.0,best,haca3,all,109,0,raw_site_ba,0.9705882352941176,0.9411764705882353,1.0,
retrained_raw_seed42_model_best_9methods_haca3ctrl,retrained_site_probe,raw,42.0,best,haca3,all,109,0,harmonized_site_ba,0.37680229986731534,0.3220536635706914,0.4310187232787852,
retrained_raw_seed42_model_best_9methods_haca3ctrl,retrained_site_probe,raw,42.0,best,haca3,all,109,0,site_ba_drop,0.5937859354268022,0.525438227922748,0.6615625460710599,
retrained_raw_seed42_model_best_9methods_haca3ctrl,retrained_site_probe,raw,42.0,best,haca3,source_non_nyu,90,0,psnr,18.921265046256753,18.531426961437564,19.345431937044776,18.921265046256753
retrained_raw_seed42_model_best_9methods_haca3ctrl,retrained_site_probe,raw,42.0,best,haca3,source_non_nyu,90,0,mse,0.01665159724371001,0.014477228157195241,0.018953002616618503,0.01665159724371001
retrained_raw_seed42_model_best_9methods_haca3ctrl,retrained_site_probe,raw,42.0,best,haca3,source_non_nyu,90,0,mae,0.07813206387456499,0.07345677707458682,0.08272671370278299,0.07813206387456499
retrained_raw_seed42_model_best_9methods_haca3ctrl,retrained_site_probe,raw,42.0,best,haca3,source_non_nyu,90,0,pixel_cosine_similarity,0.9756546999672707,0.9725123349434077,0.9784112241285363,0.9756546999672707
retrained_raw_seed42_model_best_9methods_haca3ctrl,retrained_site_probe,raw,42.0,best,haca3,source_non_nyu,90,0,cross_correlation,0.9537281754805151,0.9475523142799411,0.9592321440147756,0.9537281754805151
retrained_raw_seed42_model_best_9methods_haca3ctrl,retrained_site_probe,raw,42.0,best,haca3,source_non_nyu,90,0,subject_wasserstein_raw_harm,0.06209895291959284,0.05725379582418668,0.06676672926978844,0.06209895291959284
retrained_raw_seed42_model_best_9methods_haca3ctrl,retrained_site_probe,raw,42.0,best,haca3,source_non_nyu,90,0,subject_kl_raw_harm,0.3300843941813587,0.30504050741980515,0.35623450569037873,0.3300843941813587
retrained_raw_seed42_model_best_9methods_haca3ctrl,retrained_site_probe,raw,42.0,best,haca3,source_non_nyu,90,0,raw_site_ba,0.96875,0.9375,1.0,
retrained_raw_seed42_model_best_9methods_haca3ctrl,retrained_site_probe,raw,42.0,best,haca3,source_non_nyu,90,0,harmonized_site_ba,0.3575892857142857,0.2992559523809524,0.4119047619047619,
retrained_raw_seed42_model_best_9methods_haca3ctrl,retrained_site_probe,raw,42.0,best,haca3,source_non_nyu,90,0,site_ba_drop,0.6111607142857143,0.5418005952380951,0.6823102678571429,
retrained_raw_seed42_model_best_9methods_haca3ctrl,retrained_site_probe,raw,42.0,best,haca3,target_nyu,19,0,psnr,23.720468268535214,22.81995644440203,24.51444726898572,23.720468268535214
retrained_raw_seed42_model_best_9methods_haca3ctrl,retrained_site_probe,raw,42.0,best,haca3,target_nyu,19,0,mse,0.004730900035995459,0.0036906541328293975,0.005977310589954024,0.004730900035995459
retrained_raw_seed42_model_best_9methods_haca3ctrl,retrained_site_probe,raw,42.0,best,haca3,target_nyu,19,0,mae,0.044540969335560135,0.04042609521663122,0.049174475243775995,0.044540969335560135
retrained_raw_seed42_model_best_9methods_haca3ctrl,retrained_site_probe,raw,42.0,best,haca3,target_nyu,19,0,pixel_cosine_similarity,0.9886991476144971,0.9850773536468875,0.9913906145939779,0.9886991476144971
retrained_raw_seed42_model_best_9methods_haca3ctrl,retrained_site_probe,raw,42.0,best,haca3,target_nyu,19,0,cross_correlation,0.9791636871259929,0.9729991382745774,0.9840450383756808,0.9791636871259929
retrained_raw_seed42_model_best_9methods_haca3ctrl,retrained_site_probe,raw,42.0,best,haca3,target_nyu,19,0,subject_wasserstein_raw_harm,0.0221786981154746,0.018847984082799068,0.02599732703198642,0.0221786981154746
retrained_raw_seed42_model_best_9methods_haca3ctrl,retrained_site_probe,raw,42.0,best,haca3,target_nyu,19,0,subject_kl_raw_harm,0.4932238091768065,0.41331304503914307,0.5725387507263587,0.4932238091768065
retrained_raw_seed42_model_best_9methods_haca3ctrl,retrained_site_probe,raw,42.0,best,haca3,target_nyu,19,0,raw_site_ba,1.0,1.0,1.0,
retrained_raw_seed42_model_best_9methods_haca3ctrl,retrained_site_probe,raw,42.0,best,haca3,target_nyu,19,0,harmonized_site_ba,0.6842105263157895,0.47368421052631576,0.8947368421052632,
retrained_raw_seed42_model_best_9methods_haca3ctrl,retrained_site_probe,raw,42.0,best,haca3,target_nyu,19,0,site_ba_drop,0.3157894736842105,0.10526315789473684,0.5263157894736843,
retrained_raw_seed42_model_best_9methods_haca3ctrl,retrained_site_probe,raw,42.0,best,haca3_preproc,all,109,0,psnr,24.004818120155743,23.677851081456403,24.34092861202334,24.004818120155743
retrained_raw_seed42_model_best_9methods_haca3ctrl,retrained_site_probe,raw,42.0,best,haca3_preproc,all,109,0,mse,0.005126276871975098,0.0046736558294557485,0.005611740167418263,0.005126276871975098
retrained_raw_seed42_model_best_9methods_haca3ctrl,retrained_site_probe,raw,42.0,best,haca3_preproc,all,109,0,mae,0.045477284529805956,0.04358661687528829,0.047467150074784595,0.045477284529805956
retrained_raw_seed42_model_best_9methods_haca3ctrl,retrained_site_probe,raw,42.0,best,haca3_preproc,all,109,0,pixel_cosine_similarity,0.9925970218114716,0.992049838799468,0.9930923443156738,0.9925970218114716
retrained_raw_seed42_model_best_9methods_haca3ctrl,retrained_site_probe,raw,42.0,best,haca3_preproc,all,109,0,cross_correlation,0.9864636007538925,0.9853587233858676,0.9874355240049513,0.9864636007538925
retrained_raw_seed42_model_best_9methods_haca3ctrl,retrained_site_probe,raw,42.0,best,haca3_preproc,all,109,0,subject_wasserstein_raw_harm,0.04077174008403761,0.03869554917036834,0.042947420351333636,0.04077174008403761
retrained_raw_seed42_model_best_9methods_haca3ctrl,retrained_site_probe,raw,42.0,best,haca3_preproc,all,109,0,subject_kl_raw_harm,0.1142985333145359,0.1029748659125107,0.1256592011776031,0.1142985333145359
retrained_raw_seed42_model_best_9methods_haca3ctrl,retrained_site_probe,raw,42.0,best,haca3_preproc,all,109,0,raw_site_ba,0.9705882352941176,0.9411764705882353,1.0,
retrained_raw_seed42_model_best_9methods_haca3ctrl,retrained_site_probe,raw,42.0,best,haca3_preproc,all,109,0,harmonized_site_ba,0.7009803921568627,0.6313725490196079,0.7715686274509803,
retrained_raw_seed42_model_best_9methods_haca3ctrl,retrained_site_probe,raw,42.0,best,haca3_preproc,all,109,0,site_ba_drop,0.26960784313725494,0.18627450980392157,0.35196078431372546,
retrained_raw_seed42_model_best_9methods_haca3ctrl,retrained_site_probe,raw,42.0,best,haca3_preproc,source_non_nyu,90,0,psnr,23.751879031669315,23.375410732143052,24.115637158567203,23.751879031669315
retrained_raw_seed42_model_best_9methods_haca3ctrl,retrained_site_probe,raw,42.0,best,haca3_preproc,source_non_nyu,90,0,mse,0.0055353148700123195,0.004992798488843399,0.006117319175661079,0.0055353148700123195
retrained_raw_seed42_model_best_9methods_haca3ctrl,retrained_site_probe,raw,42.0,best,haca3_preproc,source_non_nyu,90,0,mae,0.0472078229590195,0.04504008069178418,0.04954808654124027,0.0472078229590195
retrained_raw_seed42_model_best_9methods_haca3ctrl,retrained_site_probe,raw,42.0,best,haca3_preproc,source_non_nyu,90,0,pixel_cosine_similarity,0.9920173448975403,0.9913636875228781,0.9926165871062733,0.9920173448975403
retrained_raw_seed42_model_best_9methods_haca3ctrl,retrained_site_probe,raw,42.0,best,haca3_preproc,source_non_nyu,90,0,cross_correlation,0.9854502120277411,0.9841438526573978,0.9865876398145944,0.9854502120277411
retrained_raw_seed42_model_best_9methods_haca3ctrl,retrained_site_probe,raw,42.0,best,haca3_preproc,source_non_nyu,90,0,subject_wasserstein_raw_harm,0.04284305758159483,0.040533423819904886,0.04522887645885017,0.04284305758159483
retrained_raw_seed42_model_best_9methods_haca3ctrl,retrained_site_probe,raw,42.0,best,haca3_preproc,source_non_nyu,90,0,subject_kl_raw_harm,0.12738651977532278,0.11446328272562255,0.14161235658299434,0.12738651977532278
retrained_raw_seed42_model_best_9methods_haca3ctrl,retrained_site_probe,raw,42.0,best,haca3_preproc,source_non_nyu,90,0,raw_site_ba,0.96875,0.9375,1.0,
retrained_raw_seed42_model_best_9methods_haca3ctrl,retrained_site_probe,raw,42.0,best,haca3_preproc,source_non_nyu,90,0,harmonized_site_ba,0.6822916666666666,0.6093489583333335,0.7604427083333333,
retrained_raw_seed42_model_best_9methods_haca3ctrl,retrained_site_probe,raw,42.0,best,haca3_preproc,source_non_nyu,90,0,site_ba_drop,0.28645833333333337,0.19684895833333324,0.37291666666666656,
retrained_raw_seed42_model_best_9methods_haca3ctrl,retrained_site_probe,raw,42.0,best,haca3_preproc,target_nyu,19,0,psnr,25.202950644565124,24.565532260436786,25.814225448392666,25.202950644565124
retrained_raw_seed42_model_best_9methods_haca3ctrl,retrained_site_probe,raw,42.0,best,haca3_preproc,target_nyu,19,0,mse,0.0031887284602198267,0.0027103845678089276,0.003746473628345248,0.0031887284602198267
retrained_raw_seed42_model_best_9methods_haca3ctrl,retrained_site_probe,raw,42.0,best,haca3_preproc,target_nyu,19,0,mae,0.03727999723353128,0.0343266153681125,0.04045126710232796,0.03727999723353128
retrained_raw_seed42_model_best_9methods_haca3ctrl,retrained_site_probe,raw,42.0,best,haca3_preproc,target_nyu,19,0,pixel_cosine_similarity,0.9953428598248305,0.9948610688096547,0.9957755725646426,0.9953428598248305
retrained_raw_seed42_model_best_9methods_haca3ctrl,retrained_site_probe,raw,42.0,best,haca3_preproc,target_nyu,19,0,cross_correlation,0.9912638631409261,0.9903988216873533,0.9921023447694028,0.9912638631409261
retrained_raw_seed42_model_best_9methods_haca3ctrl,retrained_site_probe,raw,42.0,best,haca3_preproc,target_nyu,19,0,subject_wasserstein_raw_harm,0.03096023614824033,0.02719366827414916,0.03506899433821588,0.03096023614824033
retrained_raw_seed42_model_best_9methods_haca3ctrl,retrained_site_probe,raw,42.0,best,haca3_preproc,target_nyu,19,0,subject_kl_raw_harm,0.052302807973966574,0.04151294749163461,0.06463763019861683,0.052302807973966574
retrained_raw_seed42_model_best_9methods_haca3ctrl,retrained_site_probe,raw,42.0,best,haca3_preproc,target_nyu,19,0,raw_site_ba,1.0,1.0,1.0,
retrained_raw_seed42_model_best_9methods_haca3ctrl,retrained_site_probe,raw,42.0,best,haca3_preproc,target_nyu,19,0,harmonized_site_ba,1.0,1.0,1.0,
retrained_raw_seed42_model_best_9methods_haca3ctrl,retrained_site_probe,raw,42.0,best,haca3_preproc,target_nyu,19,0,site_ba_drop,0.0,0.0,0.0,
retrained_raw_seed4_model_best_9methods_haca3ctrl,retrained_site_probe,raw,4.0,best,haca3,all,109,0,psnr,19.757823406103455,19.412611803029932,20.148537198512937,19.757823406103455
retrained_raw_seed4_model_best_9methods_haca3ctrl,retrained_site_probe,raw,4.0,best,haca3,all,109,0,mse,0.014573677546952424,0.012746944037121753,0.01656708566403057,0.014573677546952424
retrained_raw_seed4_model_best_9methods_haca3ctrl,retrained_site_probe,raw,4.0,best,haca3,all,109,0,mae,0.07227673546868342,0.0682823182822465,0.07629944975715025,0.07227673546868342
retrained_raw_seed4_model_best_9methods_haca3ctrl,retrained_site_probe,raw,4.0,best,haca3,all,109,0,pixel_cosine_similarity,0.9779285027681635,0.9753468961894357,0.9802561329582556,0.9779285027681635
retrained_raw_seed4_model_best_9methods_haca3ctrl,retrained_site_probe,raw,4.0,best,haca3,all,109,0,cross_correlation,0.9581618885196351,0.9529587453235624,0.9626315762146684,0.9581618885196351
retrained_raw_seed4_model_best_9methods_haca3ctrl,retrained_site_probe,raw,4.0,best,haca3,all,109,0,subject_wasserstein_raw_harm,0.05514037639410434,0.05080343142228012,0.05918136131731276,0.05514037639410434
retrained_raw_seed4_model_best_9methods_haca3ctrl,retrained_site_probe,raw,4.0,best,haca3,all,109,0,subject_kl_raw_harm,0.35852153991451013,0.33585697029243605,0.3836486077287239,0.35852153991451013
retrained_raw_seed4_model_best_9methods_haca3ctrl,retrained_site_probe,raw,4.0,best,haca3,all,109,0,raw_site_ba,0.9176470588235294,0.8941176470588235,0.9411764705882353,
retrained_raw_seed4_model_best_9methods_haca3ctrl,retrained_site_probe,raw,4.0,best,haca3,all,109,0,harmonized_site_ba,0.29614477369895326,0.24061735220403954,0.35372917588087865,
retrained_raw_seed4_model_best_9methods_haca3ctrl,retrained_site_probe,raw,4.0,best,haca3,all,109,0,site_ba_drop,0.6215022851245762,0.5554039510541059,0.6831160622143594,
retrained_raw_seed4_model_best_9methods_haca3ctrl,retrained_site_probe,raw,4.0,best,haca3,source_non_nyu,90,0,psnr,18.921265046256753,18.531426961437564,19.345431937044776,18.921265046256753
retrained_raw_seed4_model_best_9methods_haca3ctrl,retrained_site_probe,raw,4.0,best,haca3,source_non_nyu,90,0,mse,0.01665159724371001,0.014477228157195241,0.018953002616618503,0.01665159724371001
retrained_raw_seed4_model_best_9methods_haca3ctrl,retrained_site_probe,raw,4.0,best,haca3,source_non_nyu,90,0,mae,0.07813206387456499,0.07345677707458682,0.08272671370278299,0.07813206387456499
retrained_raw_seed4_model_best_9methods_haca3ctrl,retrained_site_probe,raw,4.0,best,haca3,source_non_nyu,90,0,pixel_cosine_similarity,0.9756546999672707,0.9725123349434077,0.9784112241285363,0.9756546999672707
retrained_raw_seed4_model_best_9methods_haca3ctrl,retrained_site_probe,raw,4.0,best,haca3,source_non_nyu,90,0,cross_correlation,0.9537281754805151,0.9475523142799411,0.9592321440147756,0.9537281754805151
retrained_raw_seed4_model_best_9methods_haca3ctrl,retrained_site_probe,raw,4.0,best,haca3,source_non_nyu,90,0,subject_wasserstein_raw_harm,0.06209895291959284,0.05725379582418668,0.06676672926978844,0.06209895291959284
retrained_raw_seed4_model_best_9methods_haca3ctrl,retrained_site_probe,raw,4.0,best,haca3,source_non_nyu,90,0,subject_kl_raw_harm,0.3300843941813587,0.30504050741980515,0.35623450569037873,0.3300843941813587
retrained_raw_seed4_model_best_9methods_haca3ctrl,retrained_site_probe,raw,4.0,best,haca3,source_non_nyu,90,0,raw_site_ba,0.9125,0.8875,0.9375,
retrained_raw_seed4_model_best_9methods_haca3ctrl,retrained_site_probe,raw,4.0,best,haca3,source_non_nyu,90,0,harmonized_site_ba,0.2686011904761905,0.20979910714285716,0.32961309523809523,
retrained_raw_seed4_model_best_9methods_haca3ctrl,retrained_site_probe,raw,4.0,best,haca3,source_non_nyu,90,0,site_ba_drop,0.6438988095238094,0.5760305059523808,0.7116071428571429,
retrained_raw_seed4_model_best_9methods_haca3ctrl,retrained_site_probe,raw,4.0,best,haca3,target_nyu,19,0,psnr,23.720468268535214,22.81995644440203,24.51444726898572,23.720468268535214
retrained_raw_seed4_model_best_9methods_haca3ctrl,retrained_site_probe,raw,4.0,best,haca3,target_nyu,19,0,mse,0.004730900035995459,0.0036906541328293975,0.005977310589954024,0.004730900035995459
retrained_raw_seed4_model_best_9methods_haca3ctrl,retrained_site_probe,raw,4.0,best,haca3,target_nyu,19,0,mae,0.044540969335560135,0.04042609521663122,0.049174475243775995,0.044540969335560135
retrained_raw_seed4_model_best_9methods_haca3ctrl,retrained_site_probe,raw,4.0,best,haca3,target_nyu,19,0,pixel_cosine_similarity,0.9886991476144971,0.9850773536468875,0.9913906145939779,0.9886991476144971
retrained_raw_seed4_model_best_9methods_haca3ctrl,retrained_site_probe,raw,4.0,best,haca3,target_nyu,19,0,cross_correlation,0.9791636871259929,0.9729991382745774,0.9840450383756808,0.9791636871259929
retrained_raw_seed4_model_best_9methods_haca3ctrl,retrained_site_probe,raw,4.0,best,haca3,target_nyu,19,0,subject_wasserstein_raw_harm,0.0221786981154746,0.018847984082799068,0.02599732703198642,0.0221786981154746
retrained_raw_seed4_model_best_9methods_haca3ctrl,retrained_site_probe,raw,4.0,best,haca3,target_nyu,19,0,subject_kl_raw_harm,0.4932238091768065,0.41331304503914307,0.5725387507263587,0.4932238091768065
retrained_raw_seed4_model_best_9methods_haca3ctrl,retrained_site_probe,raw,4.0,best,haca3,target_nyu,19,0,raw_site_ba,1.0,1.0,1.0,
retrained_raw_seed4_model_best_9methods_haca3ctrl,retrained_site_probe,raw,4.0,best,haca3,target_nyu,19,0,harmonized_site_ba,0.7368421052631579,0.5263157894736842,0.9473684210526315,
retrained_raw_seed4_model_best_9methods_haca3ctrl,retrained_site_probe,raw,4.0,best,haca3,target_nyu,19,0,site_ba_drop,0.26315789473684215,0.052631578947368474,0.4736842105263158,
retrained_raw_seed4_model_best_9methods_haca3ctrl,retrained_site_probe,raw,4.0,best,haca3_preproc,all,109,0,psnr,24.004818120155743,23.677851081456403,24.34092861202334,24.004818120155743
retrained_raw_seed4_model_best_9methods_haca3ctrl,retrained_site_probe,raw,4.0,best,haca3_preproc,all,109,0,mse,0.005126276871975098,0.0046736558294557485,0.005611740167418263,0.005126276871975098
retrained_raw_seed4_model_best_9methods_haca3ctrl,retrained_site_probe,raw,4.0,best,haca3_preproc,all,109,0,mae,0.045477284529805956,0.04358661687528829,0.047467150074784595,0.045477284529805956
retrained_raw_seed4_model_best_9methods_haca3ctrl,retrained_site_probe,raw,4.0,best,haca3_preproc,all,109,0,pixel_cosine_similarity,0.9925970218114716,0.992049838799468,0.9930923443156738,0.9925970218114716
retrained_raw_seed4_model_best_9methods_haca3ctrl,retrained_site_probe,raw,4.0,best,haca3_preproc,all,109,0,cross_correlation,0.9864636007538925,0.9853587233858676,0.9874355240049513,0.9864636007538925
retrained_raw_seed4_model_best_9methods_haca3ctrl,retrained_site_probe,raw,4.0,best,haca3_preproc,all,109,0,subject_wasserstein_raw_harm,0.04077174008403761,0.03869554917036834,0.042947420351333636,0.04077174008403761
retrained_raw_seed4_model_best_9methods_haca3ctrl,retrained_site_probe,raw,4.0,best,haca3_preproc,all,109,0,subject_kl_raw_harm,0.1142985333145359,0.1029748659125107,0.1256592011776031,0.1142985333145359
retrained_raw_seed4_model_best_9methods_haca3ctrl,retrained_site_probe,raw,4.0,best,haca3_preproc,all,109,0,raw_site_ba,0.9176470588235294,0.8941176470588235,0.9411764705882353,
retrained_raw_seed4_model_best_9methods_haca3ctrl,retrained_site_probe,raw,4.0,best,haca3_preproc,all,109,0,harmonized_site_ba,0.6980392156862746,0.6392156862745099,0.7568627450980392,
retrained_raw_seed4_model_best_9methods_haca3ctrl,retrained_site_probe,raw,4.0,best,haca3_preproc,all,109,0,site_ba_drop,0.2196078431372548,0.16470588235294115,0.2784313725490196,
retrained_raw_seed4_model_best_9methods_haca3ctrl,retrained_site_probe,raw,4.0,best,haca3_preproc,source_non_nyu,90,0,psnr,23.751879031669315,23.375410732143052,24.115637158567203,23.751879031669315
retrained_raw_seed4_model_best_9methods_haca3ctrl,retrained_site_probe,raw,4.0,best,haca3_preproc,source_non_nyu,90,0,mse,0.0055353148700123195,0.004992798488843399,0.006117319175661079,0.0055353148700123195
retrained_raw_seed4_model_best_9methods_haca3ctrl,retrained_site_probe,raw,4.0,best,haca3_preproc,source_non_nyu,90,0,mae,0.0472078229590195,0.04504008069178418,0.04954808654124027,0.0472078229590195
retrained_raw_seed4_model_best_9methods_haca3ctrl,retrained_site_probe,raw,4.0,best,haca3_preproc,source_non_nyu,90,0,pixel_cosine_similarity,0.9920173448975403,0.9913636875228781,0.9926165871062733,0.9920173448975403
retrained_raw_seed4_model_best_9methods_haca3ctrl,retrained_site_probe,raw,4.0,best,haca3_preproc,source_non_nyu,90,0,cross_correlation,0.9854502120277411,0.9841438526573978,0.9865876398145944,0.9854502120277411
retrained_raw_seed4_model_best_9methods_haca3ctrl,retrained_site_probe,raw,4.0,best,haca3_preproc,source_non_nyu,90,0,subject_wasserstein_raw_harm,0.04284305758159483,0.040533423819904886,0.04522887645885017,0.04284305758159483
retrained_raw_seed4_model_best_9methods_haca3ctrl,retrained_site_probe,raw,4.0,best,haca3_preproc,source_non_nyu,90,0,subject_kl_raw_harm,0.12738651977532278,0.11446328272562255,0.14161235658299434,0.12738651977532278
retrained_raw_seed4_model_best_9methods_haca3ctrl,retrained_site_probe,raw,4.0,best,haca3_preproc,source_non_nyu,90,0,raw_site_ba,0.9125,0.8875,0.9375,
retrained_raw_seed4_model_best_9methods_haca3ctrl,retrained_site_probe,raw,4.0,best,haca3_preproc,source_non_nyu,90,0,harmonized_site_ba,0.6791666666666667,0.6125,0.7416666666666667,
retrained_raw_seed4_model_best_9methods_haca3ctrl,retrained_site_probe,raw,4.0,best,haca3_preproc,source_non_nyu,90,0,site_ba_drop,0.23333333333333328,0.17708333333333337,0.2979166666666667,
retrained_raw_seed4_model_best_9methods_haca3ctrl,retrained_site_probe,raw,4.0,best,haca3_preproc,target_nyu,19,0,psnr,25.202950644565124,24.565532260436786,25.814225448392666,25.202950644565124
retrained_raw_seed4_model_best_9methods_haca3ctrl,retrained_site_probe,raw,4.0,best,haca3_preproc,target_nyu,19,0,mse,0.0031887284602198267,0.0027103845678089276,0.003746473628345248,0.0031887284602198267
retrained_raw_seed4_model_best_9methods_haca3ctrl,retrained_site_probe,raw,4.0,best,haca3_preproc,target_nyu,19,0,mae,0.03727999723353128,0.0343266153681125,0.04045126710232796,0.03727999723353128
retrained_raw_seed4_model_best_9methods_haca3ctrl,retrained_site_probe,raw,4.0,best,haca3_preproc,target_nyu,19,0,pixel_cosine_similarity,0.9953428598248305,0.9948610688096547,0.9957755725646426,0.9953428598248305
retrained_raw_seed4_model_best_9methods_haca3ctrl,retrained_site_probe,raw,4.0,best,haca3_preproc,target_nyu,19,0,cross_correlation,0.9912638631409261,0.9903988216873533,0.9921023447694028,0.9912638631409261
retrained_raw_seed4_model_best_9methods_haca3ctrl,retrained_site_probe,raw,4.0,best,haca3_preproc,target_nyu,19,0,subject_wasserstein_raw_harm,0.03096023614824033,0.02719366827414916,0.03506899433821588,0.03096023614824033
retrained_raw_seed4_model_best_9methods_haca3ctrl,retrained_site_probe,raw,4.0,best,haca3_preproc,target_nyu,19,0,subject_kl_raw_harm,0.052302807973966574,0.04151294749163461,0.06463763019861683,0.052302807973966574
retrained_raw_seed4_model_best_9methods_haca3ctrl,retrained_site_probe,raw,4.0,best,haca3_preproc,target_nyu,19,0,raw_site_ba,1.0,1.0,1.0,
retrained_raw_seed4_model_best_9methods_haca3ctrl,retrained_site_probe,raw,4.0,best,haca3_preproc,target_nyu,19,0,harmonized_site_ba,1.0,1.0,1.0,
retrained_raw_seed4_model_best_9methods_haca3ctrl,retrained_site_probe,raw,4.0,best,haca3_preproc,target_nyu,19,0,site_ba_drop,0.0,0.0,0.0,
sliceprobe_raw_seed1_model_best_haca3ctrl,slice_probe,raw,1.0,best,haca3,all,109,0,psnr,19.757823406103455,19.412611803029932,20.148537198512937,19.757823406103455
sliceprobe_raw_seed1_model_best_haca3ctrl,slice_probe,raw,1.0,best,haca3,all,109,0,mse,0.014573677546952424,0.012746944037121753,0.01656708566403057,0.014573677546952424
sliceprobe_raw_seed1_model_best_haca3ctrl,slice_probe,raw,1.0,best,haca3,all,109,0,mae,0.07227673546868342,0.0682823182822465,0.07629944975715025,0.07227673546868342
sliceprobe_raw_seed1_model_best_haca3ctrl,slice_probe,raw,1.0,best,haca3,all,109,0,pixel_cosine_similarity,0.9779285027681635,0.9753468961894357,0.9802561329582556,0.9779285027681635
sliceprobe_raw_seed1_model_best_haca3ctrl,slice_probe,raw,1.0,best,haca3,all,109,0,cross_correlation,0.9581618885196351,0.9529587453235624,0.9626315762146684,0.9581618885196351
sliceprobe_raw_seed1_model_best_haca3ctrl,slice_probe,raw,1.0,best,haca3,all,109,0,subject_wasserstein_raw_harm,0.05514037639410434,0.05080343142228012,0.05918136131731276,0.05514037639410434
sliceprobe_raw_seed1_model_best_haca3ctrl,slice_probe,raw,1.0,best,haca3,all,109,0,subject_kl_raw_harm,0.35852153991451013,0.33585697029243605,0.3836486077287239,0.35852153991451013
sliceprobe_raw_seed1_model_best_haca3ctrl,slice_probe,raw,1.0,best,haca3,all,109,0,raw_site_ba,0.9103386809269163,0.8431372549019608,0.9711229946524064,
sliceprobe_raw_seed1_model_best_haca3ctrl,slice_probe,raw,1.0,best,haca3,all,109,0,harmonized_site_ba,0.1361344537815126,0.1042016806722689,0.16806722689075632,
sliceprobe_raw_seed1_model_best_haca3ctrl,slice_probe,raw,1.0,best,haca3,all,109,0,site_ba_drop,0.7742042271454037,0.6997186147186146,0.8445193531958236,
sliceprobe_raw_seed1_model_best_haca3ctrl,slice_probe,raw,1.0,best,haca3,source_non_nyu,90,0,psnr,18.921265046256753,18.531426961437564,19.345431937044776,18.921265046256753
sliceprobe_raw_seed1_model_best_haca3ctrl,slice_probe,raw,1.0,best,haca3,source_non_nyu,90,0,mse,0.01665159724371001,0.014477228157195241,0.018953002616618503,0.01665159724371001
sliceprobe_raw_seed1_model_best_haca3ctrl,slice_probe,raw,1.0,best,haca3,source_non_nyu,90,0,mae,0.07813206387456499,0.07345677707458682,0.08272671370278299,0.07813206387456499
sliceprobe_raw_seed1_model_best_haca3ctrl,slice_probe,raw,1.0,best,haca3,source_non_nyu,90,0,pixel_cosine_similarity,0.9756546999672707,0.9725123349434077,0.9784112241285363,0.9756546999672707
sliceprobe_raw_seed1_model_best_haca3ctrl,slice_probe,raw,1.0,best,haca3,source_non_nyu,90,0,cross_correlation,0.9537281754805151,0.9475523142799411,0.9592321440147756,0.9537281754805151
sliceprobe_raw_seed1_model_best_haca3ctrl,slice_probe,raw,1.0,best,haca3,source_non_nyu,90,0,subject_wasserstein_raw_harm,0.06209895291959284,0.05725379582418668,0.06676672926978844,0.06209895291959284
sliceprobe_raw_seed1_model_best_haca3ctrl,slice_probe,raw,1.0,best,haca3,source_non_nyu,90,0,subject_kl_raw_harm,0.3300843941813587,0.30504050741980515,0.35623450569037873,0.3300843941813587
sliceprobe_raw_seed1_model_best_haca3ctrl,slice_probe,raw,1.0,best,haca3,source_non_nyu,90,0,raw_site_ba,0.9047348484848485,0.835407196969697,0.9708333333333333,
sliceprobe_raw_seed1_model_best_haca3ctrl,slice_probe,raw,1.0,best,haca3,source_non_nyu,90,0,harmonized_site_ba,0.08214285714285714,0.04821428571428571,0.11607142857142858,
sliceprobe_raw_seed1_model_best_haca3ctrl,slice_probe,raw,1.0,best,haca3,source_non_nyu,90,0,site_ba_drop,0.8225919913419913,0.746097132034632,0.8990854978354976,
sliceprobe_raw_seed1_model_best_haca3ctrl,slice_probe,raw,1.0,best,haca3,target_nyu,19,0,psnr,23.720468268535214,22.81995644440203,24.51444726898572,23.720468268535214
sliceprobe_raw_seed1_model_best_haca3ctrl,slice_probe,raw,1.0,best,haca3,target_nyu,19,0,mse,0.004730900035995459,0.0036906541328293975,0.005977310589954024,0.004730900035995459
sliceprobe_raw_seed1_model_best_haca3ctrl,slice_probe,raw,1.0,best,haca3,target_nyu,19,0,mae,0.044540969335560135,0.04042609521663122,0.049174475243775995,0.044540969335560135
sliceprobe_raw_seed1_model_best_haca3ctrl,slice_probe,raw,1.0,best,haca3,target_nyu,19,0,pixel_cosine_similarity,0.9886991476144971,0.9850773536468875,0.9913906145939779,0.9886991476144971
sliceprobe_raw_seed1_model_best_haca3ctrl,slice_probe,raw,1.0,best,haca3,target_nyu,19,0,cross_correlation,0.9791636871259929,0.9729991382745774,0.9840450383756808,0.9791636871259929
sliceprobe_raw_seed1_model_best_haca3ctrl,slice_probe,raw,1.0,best,haca3,target_nyu,19,0,subject_wasserstein_raw_harm,0.0221786981154746,0.018847984082799068,0.02599732703198642,0.0221786981154746
sliceprobe_raw_seed1_model_best_haca3ctrl,slice_probe,raw,1.0,best,haca3,target_nyu,19,0,subject_kl_raw_harm,0.4932238091768065,0.41331304503914307,0.5725387507263587,0.4932238091768065
sliceprobe_raw_seed1_model_best_haca3ctrl,slice_probe,raw,1.0,best,haca3,target_nyu,19,0,raw_site_ba,1.0,1.0,1.0,
sliceprobe_raw_seed1_model_best_haca3ctrl,slice_probe,raw,1.0,best,haca3,target_nyu,19,0,harmonized_site_ba,1.0,1.0,1.0,
sliceprobe_raw_seed1_model_best_haca3ctrl,slice_probe,raw,1.0,best,haca3,target_nyu,19,0,site_ba_drop,0.0,0.0,0.0,
sliceprobe_raw_seed1_model_best_haca3ctrl,slice_probe,raw,1.0,best,haca3_preproc,all,109,0,psnr,24.004818120155743,23.677851081456403,24.34092861202334,24.004818120155743
sliceprobe_raw_seed1_model_best_haca3ctrl,slice_probe,raw,1.0,best,haca3_preproc,all,109,0,mse,0.005126276871975098,0.0046736558294557485,0.005611740167418263,0.005126276871975098
sliceprobe_raw_seed1_model_best_haca3ctrl,slice_probe,raw,1.0,best,haca3_preproc,all,109,0,mae,0.045477284529805956,0.04358661687528829,0.047467150074784595,0.045477284529805956
sliceprobe_raw_seed1_model_best_haca3ctrl,slice_probe,raw,1.0,best,haca3_preproc,all,109,0,pixel_cosine_similarity,0.9925970218114716,0.992049838799468,0.9930923443156738,0.9925970218114716
sliceprobe_raw_seed1_model_best_haca3ctrl,slice_probe,raw,1.0,best,haca3_preproc,all,109,0,cross_correlation,0.9864636007538925,0.9853587233858676,0.9874355240049513,0.9864636007538925
sliceprobe_raw_seed1_model_best_haca3ctrl,slice_probe,raw,1.0,best,haca3_preproc,all,109,0,subject_wasserstein_raw_harm,0.04077174008403761,0.03869554917036834,0.042947420351333636,0.04077174008403761
sliceprobe_raw_seed1_model_best_haca3ctrl,slice_probe,raw,1.0,best,haca3_preproc,all,109,0,subject_kl_raw_harm,0.1142985333145359,0.1029748659125107,0.1256592011776031,0.1142985333145359
sliceprobe_raw_seed1_model_best_haca3ctrl,slice_probe,raw,1.0,best,haca3_preproc,all,109,0,raw_site_ba,0.9103386809269163,0.8431372549019608,0.9711229946524064,
sliceprobe_raw_seed1_model_best_haca3ctrl,slice_probe,raw,1.0,best,haca3_preproc,all,109,0,harmonized_site_ba,0.4703208556149733,0.4003542780748663,0.5369897504456328,
sliceprobe_raw_seed1_model_best_haca3ctrl,slice_probe,raw,1.0,best,haca3_preproc,all,109,0,site_ba_drop,0.440017825311943,0.3625668449197861,0.5125022281639929,
sliceprobe_raw_seed1_model_best_haca3ctrl,slice_probe,raw,1.0,best,haca3_preproc,source_non_nyu,90,0,psnr,23.751879031669315,23.375410732143052,24.115637158567203,23.751879031669315
sliceprobe_raw_seed1_model_best_haca3ctrl,slice_probe,raw,1.0,best,haca3_preproc,source_non_nyu,90,0,mse,0.0055353148700123195,0.004992798488843399,0.006117319175661079,0.0055353148700123195
sliceprobe_raw_seed1_model_best_haca3ctrl,slice_probe,raw,1.0,best,haca3_preproc,source_non_nyu,90,0,mae,0.0472078229590195,0.04504008069178418,0.04954808654124027,0.0472078229590195
sliceprobe_raw_seed1_model_best_haca3ctrl,slice_probe,raw,1.0,best,haca3_preproc,source_non_nyu,90,0,pixel_cosine_similarity,0.9920173448975403,0.9913636875228781,0.9926165871062733,0.9920173448975403
sliceprobe_raw_seed1_model_best_haca3ctrl,slice_probe,raw,1.0,best,haca3_preproc,source_non_nyu,90,0,cross_correlation,0.9854502120277411,0.9841438526573978,0.9865876398145944,0.9854502120277411
sliceprobe_raw_seed1_model_best_haca3ctrl,slice_probe,raw,1.0,best,haca3_preproc,source_non_nyu,90,0,subject_wasserstein_raw_harm,0.04284305758159483,0.040533423819904886,0.04522887645885017,0.04284305758159483
sliceprobe_raw_seed1_model_best_haca3ctrl,slice_probe,raw,1.0,best,haca3_preproc,source_non_nyu,90,0,subject_kl_raw_harm,0.12738651977532278,0.11446328272562255,0.14161235658299434,0.12738651977532278
sliceprobe_raw_seed1_model_best_haca3ctrl,slice_probe,raw,1.0,best,haca3_preproc,source_non_nyu,90,0,raw_site_ba,0.9047348484848485,0.835407196969697,0.9708333333333333,
sliceprobe_raw_seed1_model_best_haca3ctrl,slice_probe,raw,1.0,best,haca3_preproc,source_non_nyu,90,0,harmonized_site_ba,0.43721590909090907,0.3668465909090909,0.5074834280303031,
sliceprobe_raw_seed1_model_best_haca3ctrl,slice_probe,raw,1.0,best,haca3_preproc,source_non_nyu,90,0,site_ba_drop,0.46751893939393946,0.3878787878787878,0.5483049242424243,
sliceprobe_raw_seed1_model_best_haca3ctrl,slice_probe,raw,1.0,best,haca3_preproc,target_nyu,19,0,psnr,25.202950644565124,24.565532260436786,25.814225448392666,25.202950644565124
sliceprobe_raw_seed1_model_best_haca3ctrl,slice_probe,raw,1.0,best,haca3_preproc,target_nyu,19,0,mse,0.0031887284602198267,0.0027103845678089276,0.003746473628345248,0.0031887284602198267
sliceprobe_raw_seed1_model_best_haca3ctrl,slice_probe,raw,1.0,best,haca3_preproc,target_nyu,19,0,mae,0.03727999723353128,0.0343266153681125,0.04045126710232796,0.03727999723353128
sliceprobe_raw_seed1_model_best_haca3ctrl,slice_probe,raw,1.0,best,haca3_preproc,target_nyu,19,0,pixel_cosine_similarity,0.9953428598248305,0.9948610688096547,0.9957755725646426,0.9953428598248305
sliceprobe_raw_seed1_model_best_haca3ctrl,slice_probe,raw,1.0,best,haca3_preproc,target_nyu,19,0,cross_correlation,0.9912638631409261,0.9903988216873533,0.9921023447694028,0.9912638631409261
sliceprobe_raw_seed1_model_best_haca3ctrl,slice_probe,raw,1.0,best,haca3_preproc,target_nyu,19,0,subject_wasserstein_raw_harm,0.03096023614824033,0.02719366827414916,0.03506899433821588,0.03096023614824033
sliceprobe_raw_seed1_model_best_haca3ctrl,slice_probe,raw,1.0,best,haca3_preproc,target_nyu,19,0,subject_kl_raw_harm,0.052302807973966574,0.04151294749163461,0.06463763019861683,0.052302807973966574
sliceprobe_raw_seed1_model_best_haca3ctrl,slice_probe,raw,1.0,best,haca3_preproc,target_nyu,19,0,raw_site_ba,1.0,1.0,1.0,
sliceprobe_raw_seed1_model_best_haca3ctrl,slice_probe,raw,1.0,best,haca3_preproc,target_nyu,19,0,harmonized_site_ba,1.0,1.0,1.0,
sliceprobe_raw_seed1_model_best_haca3ctrl,slice_probe,raw,1.0,best,haca3_preproc,target_nyu,19,0,site_ba_drop,0.0,0.0,0.0,
sliceprobe_raw_seed2_model_best_haca3ctrl,slice_probe,raw,2.0,best,haca3,all,109,0,psnr,19.757823406103455,19.412611803029932,20.148537198512937,19.757823406103455
sliceprobe_raw_seed2_model_best_haca3ctrl,slice_probe,raw,2.0,best,haca3,all,109,0,mse,0.014573677546952424,0.012746944037121753,0.01656708566403057,0.014573677546952424
sliceprobe_raw_seed2_model_best_haca3ctrl,slice_probe,raw,2.0,best,haca3,all,109,0,mae,0.07227673546868342,0.0682823182822465,0.07629944975715025,0.07227673546868342
sliceprobe_raw_seed2_model_best_haca3ctrl,slice_probe,raw,2.0,best,haca3,all,109,0,pixel_cosine_similarity,0.9779285027681635,0.9753468961894357,0.9802561329582556,0.9779285027681635
sliceprobe_raw_seed2_model_best_haca3ctrl,slice_probe,raw,2.0,best,haca3,all,109,0,cross_correlation,0.9581618885196351,0.9529587453235624,0.9626315762146684,0.9581618885196351
sliceprobe_raw_seed2_model_best_haca3ctrl,slice_probe,raw,2.0,best,haca3,all,109,0,subject_wasserstein_raw_harm,0.05514037639410434,0.05080343142228012,0.05918136131731276,0.05514037639410434
sliceprobe_raw_seed2_model_best_haca3ctrl,slice_probe,raw,2.0,best,haca3,all,109,0,subject_kl_raw_harm,0.35852153991451013,0.33585697029243605,0.3836486077287239,0.35852153991451013
sliceprobe_raw_seed2_model_best_haca3ctrl,slice_probe,raw,2.0,best,haca3,all,109,0,raw_site_ba,0.9484593837535014,0.9028011204481793,0.9882352941176471,
sliceprobe_raw_seed2_model_best_haca3ctrl,slice_probe,raw,2.0,best,haca3,all,109,0,harmonized_site_ba,0.3572755417956656,0.3015479876160991,0.4118717750257998,
sliceprobe_raw_seed2_model_best_haca3ctrl,slice_probe,raw,2.0,best,haca3,all,109,0,site_ba_drop,0.5911838419578357,0.5175140056022408,0.6642934542237949,
sliceprobe_raw_seed2_model_best_haca3ctrl,slice_probe,raw,2.0,best,haca3,source_non_nyu,90,0,psnr,18.921265046256753,18.531426961437564,19.345431937044776,18.921265046256753
sliceprobe_raw_seed2_model_best_haca3ctrl,slice_probe,raw,2.0,best,haca3,source_non_nyu,90,0,mse,0.01665159724371001,0.014477228157195241,0.018953002616618503,0.01665159724371001
sliceprobe_raw_seed2_model_best_haca3ctrl,slice_probe,raw,2.0,best,haca3,source_non_nyu,90,0,mae,0.07813206387456499,0.07345677707458682,0.08272671370278299,0.07813206387456499
sliceprobe_raw_seed2_model_best_haca3ctrl,slice_probe,raw,2.0,best,haca3,source_non_nyu,90,0,pixel_cosine_similarity,0.9756546999672707,0.9725123349434077,0.9784112241285363,0.9756546999672707
sliceprobe_raw_seed2_model_best_haca3ctrl,slice_probe,raw,2.0,best,haca3,source_non_nyu,90,0,cross_correlation,0.9537281754805151,0.9475523142799411,0.9592321440147756,0.9537281754805151
sliceprobe_raw_seed2_model_best_haca3ctrl,slice_probe,raw,2.0,best,haca3,source_non_nyu,90,0,subject_wasserstein_raw_harm,0.06209895291959284,0.05725379582418668,0.06676672926978844,0.06209895291959284
sliceprobe_raw_seed2_model_best_haca3ctrl,slice_probe,raw,2.0,best,haca3,source_non_nyu,90,0,subject_kl_raw_harm,0.3300843941813587,0.30504050741980515,0.35623450569037873,0.3300843941813587
sliceprobe_raw_seed2_model_best_haca3ctrl,slice_probe,raw,2.0,best,haca3,source_non_nyu,90,0,raw_site_ba,0.9452380952380952,0.8973214285714286,0.9875,
sliceprobe_raw_seed2_model_best_haca3ctrl,slice_probe,raw,2.0,best,haca3,source_non_nyu,90,0,harmonized_site_ba,0.35,0.2885416666666667,0.40835937499999986,
sliceprobe_raw_seed2_model_best_haca3ctrl,slice_probe,raw,2.0,best,haca3,source_non_nyu,90,0,site_ba_drop,0.5952380952380952,0.5150186011904762,0.6729166666666666,
sliceprobe_raw_seed2_model_best_haca3ctrl,slice_probe,raw,2.0,best,haca3,target_nyu,19,0,psnr,23.720468268535214,22.81995644440203,24.51444726898572,23.720468268535214
sliceprobe_raw_seed2_model_best_haca3ctrl,slice_probe,raw,2.0,best,haca3,target_nyu,19,0,mse,0.004730900035995459,0.0036906541328293975,0.005977310589954024,0.004730900035995459
sliceprobe_raw_seed2_model_best_haca3ctrl,slice_probe,raw,2.0,best,haca3,target_nyu,19,0,mae,0.044540969335560135,0.04042609521663122,0.049174475243775995,0.044540969335560135
sliceprobe_raw_seed2_model_best_haca3ctrl,slice_probe,raw,2.0,best,haca3,target_nyu,19,0,pixel_cosine_similarity,0.9886991476144971,0.9850773536468875,0.9913906145939779,0.9886991476144971
sliceprobe_raw_seed2_model_best_haca3ctrl,slice_probe,raw,2.0,best,haca3,target_nyu,19,0,cross_correlation,0.9791636871259929,0.9729991382745774,0.9840450383756808,0.9791636871259929
sliceprobe_raw_seed2_model_best_haca3ctrl,slice_probe,raw,2.0,best,haca3,target_nyu,19,0,subject_wasserstein_raw_harm,0.0221786981154746,0.018847984082799068,0.02599732703198642,0.0221786981154746
sliceprobe_raw_seed2_model_best_haca3ctrl,slice_probe,raw,2.0,best,haca3,target_nyu,19,0,subject_kl_raw_harm,0.4932238091768065,0.41331304503914307,0.5725387507263587,0.4932238091768065
sliceprobe_raw_seed2_model_best_haca3ctrl,slice_probe,raw,2.0,best,haca3,target_nyu,19,0,raw_site_ba,1.0,1.0,1.0,
sliceprobe_raw_seed2_model_best_haca3ctrl,slice_probe,raw,2.0,best,haca3,target_nyu,19,0,harmonized_site_ba,0.47368421052631576,0.2631578947368421,0.6842105263157895,
sliceprobe_raw_seed2_model_best_haca3ctrl,slice_probe,raw,2.0,best,haca3,target_nyu,19,0,site_ba_drop,0.5263157894736843,0.3157894736842105,0.736842105263158,
sliceprobe_raw_seed2_model_best_haca3ctrl,slice_probe,raw,2.0,best,haca3_preproc,all,109,0,psnr,24.004818120155743,23.677851081456403,24.34092861202334,24.004818120155743
sliceprobe_raw_seed2_model_best_haca3ctrl,slice_probe,raw,2.0,best,haca3_preproc,all,109,0,mse,0.005126276871975098,0.0046736558294557485,0.005611740167418263,0.005126276871975098
sliceprobe_raw_seed2_model_best_haca3ctrl,slice_probe,raw,2.0,best,haca3_preproc,all,109,0,mae,0.045477284529805956,0.04358661687528829,0.047467150074784595,0.045477284529805956
sliceprobe_raw_seed2_model_best_haca3ctrl,slice_probe,raw,2.0,best,haca3_preproc,all,109,0,pixel_cosine_similarity,0.9925970218114716,0.992049838799468,0.9930923443156738,0.9925970218114716
sliceprobe_raw_seed2_model_best_haca3ctrl,slice_probe,raw,2.0,best,haca3_preproc,all,109,0,cross_correlation,0.9864636007538925,0.9853587233858676,0.9874355240049513,0.9864636007538925
sliceprobe_raw_seed2_model_best_haca3ctrl,slice_probe,raw,2.0,best,haca3_preproc,all,109,0,subject_wasserstein_raw_harm,0.04077174008403761,0.03869554917036834,0.042947420351333636,0.04077174008403761
sliceprobe_raw_seed2_model_best_haca3ctrl,slice_probe,raw,2.0,best,haca3_preproc,all,109,0,subject_kl_raw_harm,0.1142985333145359,0.1029748659125107,0.1256592011776031,0.1142985333145359
sliceprobe_raw_seed2_model_best_haca3ctrl,slice_probe,raw,2.0,best,haca3_preproc,all,109,0,raw_site_ba,0.9484593837535014,0.9028011204481793,0.9882352941176471,
sliceprobe_raw_seed2_model_best_haca3ctrl,slice_probe,raw,2.0,best,haca3_preproc,all,109,0,harmonized_site_ba,0.8748897645182475,0.8079188948306596,0.9415586593489069,
sliceprobe_raw_seed2_model_best_haca3ctrl,slice_probe,raw,2.0,best,haca3_preproc,all,109,0,site_ba_drop,0.07356961923525385,0.014605447442134614,0.13520499108734396,
sliceprobe_raw_seed2_model_best_haca3ctrl,slice_probe,raw,2.0,best,haca3_preproc,source_non_nyu,90,0,psnr,23.751879031669315,23.375410732143052,24.115637158567203,23.751879031669315
sliceprobe_raw_seed2_model_best_haca3ctrl,slice_probe,raw,2.0,best,haca3_preproc,source_non_nyu,90,0,mse,0.0055353148700123195,0.004992798488843399,0.006117319175661079,0.0055353148700123195
sliceprobe_raw_seed2_model_best_haca3ctrl,slice_probe,raw,2.0,best,haca3_preproc,source_non_nyu,90,0,mae,0.0472078229590195,0.04504008069178418,0.04954808654124027,0.0472078229590195
sliceprobe_raw_seed2_model_best_haca3ctrl,slice_probe,raw,2.0,best,haca3_preproc,source_non_nyu,90,0,pixel_cosine_similarity,0.9920173448975403,0.9913636875228781,0.9926165871062733,0.9920173448975403
sliceprobe_raw_seed2_model_best_haca3ctrl,slice_probe,raw,2.0,best,haca3_preproc,source_non_nyu,90,0,cross_correlation,0.9854502120277411,0.9841438526573978,0.9865876398145944,0.9854502120277411
sliceprobe_raw_seed2_model_best_haca3ctrl,slice_probe,raw,2.0,best,haca3_preproc,source_non_nyu,90,0,subject_wasserstein_raw_harm,0.04284305758159483,0.040533423819904886,0.04522887645885017,0.04284305758159483
sliceprobe_raw_seed2_model_best_haca3ctrl,slice_probe,raw,2.0,best,haca3_preproc,source_non_nyu,90,0,subject_kl_raw_harm,0.12738651977532278,0.11446328272562255,0.14161235658299434,0.12738651977532278
sliceprobe_raw_seed2_model_best_haca3ctrl,slice_probe,raw,2.0,best,haca3_preproc,source_non_nyu,90,0,raw_site_ba,0.9452380952380952,0.8973214285714286,0.9875,
sliceprobe_raw_seed2_model_best_haca3ctrl,slice_probe,raw,2.0,best,haca3_preproc,source_non_nyu,90,0,harmonized_site_ba,0.8703598484848485,0.7927083333333335,0.9395833333333333,
sliceprobe_raw_seed2_model_best_haca3ctrl,slice_probe,raw,2.0,best,haca3_preproc,source_non_nyu,90,0,site_ba_drop,0.07487824675324672,0.013855181277056247,0.14063379329004314,
sliceprobe_raw_seed2_model_best_haca3ctrl,slice_probe,raw,2.0,best,haca3_preproc,target_nyu,19,0,psnr,25.202950644565124,24.565532260436786,25.814225448392666,25.202950644565124
sliceprobe_raw_seed2_model_best_haca3ctrl,slice_probe,raw,2.0,best,haca3_preproc,target_nyu,19,0,mse,0.0031887284602198267,0.0027103845678089276,0.003746473628345248,0.0031887284602198267
sliceprobe_raw_seed2_model_best_haca3ctrl,slice_probe,raw,2.0,best,haca3_preproc,target_nyu,19,0,mae,0.03727999723353128,0.0343266153681125,0.04045126710232796,0.03727999723353128
sliceprobe_raw_seed2_model_best_haca3ctrl,slice_probe,raw,2.0,best,haca3_preproc,target_nyu,19,0,pixel_cosine_similarity,0.9953428598248305,0.9948610688096547,0.9957755725646426,0.9953428598248305
sliceprobe_raw_seed2_model_best_haca3ctrl,slice_probe,raw,2.0,best,haca3_preproc,target_nyu,19,0,cross_correlation,0.9912638631409261,0.9903988216873533,0.9921023447694028,0.9912638631409261
sliceprobe_raw_seed2_model_best_haca3ctrl,slice_probe,raw,2.0,best,haca3_preproc,target_nyu,19,0,subject_wasserstein_raw_harm,0.03096023614824033,0.02719366827414916,0.03506899433821588,0.03096023614824033
sliceprobe_raw_seed2_model_best_haca3ctrl,slice_probe,raw,2.0,best,haca3_preproc,target_nyu,19,0,subject_kl_raw_harm,0.052302807973966574,0.04151294749163461,0.06463763019861683,0.052302807973966574
sliceprobe_raw_seed2_model_best_haca3ctrl,slice_probe,raw,2.0,best,haca3_preproc,target_nyu,19,0,raw_site_ba,1.0,1.0,1.0,
sliceprobe_raw_seed2_model_best_haca3ctrl,slice_probe,raw,2.0,best,haca3_preproc,target_nyu,19,0,harmonized_site_ba,0.9473684210526315,0.8421052631578947,1.0,
sliceprobe_raw_seed2_model_best_haca3ctrl,slice_probe,raw,2.0,best,haca3_preproc,target_nyu,19,0,site_ba_drop,0.052631578947368474,0.0,0.1578947368421053,
sliceprobe_raw_seed3_model_best_haca3ctrl,slice_probe,raw,3.0,best,haca3,all,109,0,psnr,19.757823406103455,19.412611803029932,20.148537198512937,19.757823406103455
sliceprobe_raw_seed3_model_best_haca3ctrl,slice_probe,raw,3.0,best,haca3,all,109,0,mse,0.014573677546952424,0.012746944037121753,0.01656708566403057,0.014573677546952424
sliceprobe_raw_seed3_model_best_haca3ctrl,slice_probe,raw,3.0,best,haca3,all,109,0,mae,0.07227673546868342,0.0682823182822465,0.07629944975715025,0.07227673546868342
sliceprobe_raw_seed3_model_best_haca3ctrl,slice_probe,raw,3.0,best,haca3,all,109,0,pixel_cosine_similarity,0.9779285027681635,0.9753468961894357,0.9802561329582556,0.9779285027681635
sliceprobe_raw_seed3_model_best_haca3ctrl,slice_probe,raw,3.0,best,haca3,all,109,0,cross_correlation,0.9581618885196351,0.9529587453235624,0.9626315762146684,0.9581618885196351
sliceprobe_raw_seed3_model_best_haca3ctrl,slice_probe,raw,3.0,best,haca3,all,109,0,subject_wasserstein_raw_harm,0.05514037639410434,0.05080343142228012,0.05918136131731276,0.05514037639410434
sliceprobe_raw_seed3_model_best_haca3ctrl,slice_probe,raw,3.0,best,haca3,all,109,0,subject_kl_raw_harm,0.35852153991451013,0.33585697029243605,0.3836486077287239,0.35852153991451013
sliceprobe_raw_seed3_model_best_haca3ctrl,slice_probe,raw,3.0,best,haca3,all,109,0,raw_site_ba,0.9705037996059668,0.9449479313256404,0.9915564311849141,
sliceprobe_raw_seed3_model_best_haca3ctrl,slice_probe,raw,3.0,best,haca3,all,109,0,harmonized_site_ba,0.37521008403361344,0.31245448179271706,0.4302521008403361,
sliceprobe_raw_seed3_model_best_haca3ctrl,slice_probe,raw,3.0,best,haca3,all,109,0,site_ba_drop,0.5952937155723533,0.5321028842158873,0.659407341884122,
sliceprobe_raw_seed3_model_best_haca3ctrl,slice_probe,raw,3.0,best,haca3,source_non_nyu,90,0,psnr,18.921265046256753,18.531426961437564,19.345431937044776,18.921265046256753
sliceprobe_raw_seed3_model_best_haca3ctrl,slice_probe,raw,3.0,best,haca3,source_non_nyu,90,0,mse,0.01665159724371001,0.014477228157195241,0.018953002616618503,0.01665159724371001
sliceprobe_raw_seed3_model_best_haca3ctrl,slice_probe,raw,3.0,best,haca3,source_non_nyu,90,0,mae,0.07813206387456499,0.07345677707458682,0.08272671370278299,0.07813206387456499
sliceprobe_raw_seed3_model_best_haca3ctrl,slice_probe,raw,3.0,best,haca3,source_non_nyu,90,0,pixel_cosine_similarity,0.9756546999672707,0.9725123349434077,0.9784112241285363,0.9756546999672707
sliceprobe_raw_seed3_model_best_haca3ctrl,slice_probe,raw,3.0,best,haca3,source_non_nyu,90,0,cross_correlation,0.9537281754805151,0.9475523142799411,0.9592321440147756,0.9537281754805151
sliceprobe_raw_seed3_model_best_haca3ctrl,slice_probe,raw,3.0,best,haca3,source_non_nyu,90,0,subject_wasserstein_raw_harm,0.06209895291959284,0.05725379582418668,0.06676672926978844,0.06209895291959284
sliceprobe_raw_seed3_model_best_haca3ctrl,slice_probe,raw,3.0,best,haca3,source_non_nyu,90,0,subject_kl_raw_harm,0.3300843941813587,0.30504050741980515,0.35623450569037873,0.3300843941813587
sliceprobe_raw_seed3_model_best_haca3ctrl,slice_probe,raw,3.0,best,haca3,source_non_nyu,90,0,raw_site_ba,0.9818181818181818,0.9568181818181818,1.0,
sliceprobe_raw_seed3_model_best_haca3ctrl,slice_probe,raw,3.0,best,haca3,source_non_nyu,90,0,harmonized_site_ba,0.3986607142857143,0.3373474702380952,0.458642113095238,
sliceprobe_raw_seed3_model_best_haca3ctrl,slice_probe,raw,3.0,best,haca3,source_non_nyu,90,0,site_ba_drop,0.5831574675324676,0.5207755005411255,0.6498735119047617,
sliceprobe_raw_seed3_model_best_haca3ctrl,slice_probe,raw,3.0,best,haca3,target_nyu,19,0,psnr,23.720468268535214,22.81995644440203,24.51444726898572,23.720468268535214
sliceprobe_raw_seed3_model_best_haca3ctrl,slice_probe,raw,3.0,best,haca3,target_nyu,19,0,mse,0.004730900035995459,0.0036906541328293975,0.005977310589954024,0.004730900035995459
sliceprobe_raw_seed3_model_best_haca3ctrl,slice_probe,raw,3.0,best,haca3,target_nyu,19,0,mae,0.044540969335560135,0.04042609521663122,0.049174475243775995,0.044540969335560135
sliceprobe_raw_seed3_model_best_haca3ctrl,slice_probe,raw,3.0,best,haca3,target_nyu,19,0,pixel_cosine_similarity,0.9886991476144971,0.9850773536468875,0.9913906145939779,0.9886991476144971
sliceprobe_raw_seed3_model_best_haca3ctrl,slice_probe,raw,3.0,best,haca3,target_nyu,19,0,cross_correlation,0.9791636871259929,0.9729991382745774,0.9840450383756808,0.9791636871259929
sliceprobe_raw_seed3_model_best_haca3ctrl,slice_probe,raw,3.0,best,haca3,target_nyu,19,0,subject_wasserstein_raw_harm,0.0221786981154746,0.018847984082799068,0.02599732703198642,0.0221786981154746
sliceprobe_raw_seed3_model_best_haca3ctrl,slice_probe,raw,3.0,best,haca3,target_nyu,19,0,subject_kl_raw_harm,0.4932238091768065,0.41331304503914307,0.5725387507263587,0.4932238091768065
sliceprobe_raw_seed3_model_best_haca3ctrl,slice_probe,raw,3.0,best,haca3,target_nyu,19,0,raw_site_ba,0.7894736842105263,0.5789473684210527,0.9473684210526315,
sliceprobe_raw_seed3_model_best_haca3ctrl,slice_probe,raw,3.0,best,haca3,target_nyu,19,0,harmonized_site_ba,0.0,0.0,0.0,
sliceprobe_raw_seed3_model_best_haca3ctrl,slice_probe,raw,3.0,best,haca3,target_nyu,19,0,site_ba_drop,0.7894736842105263,0.5789473684210527,0.9473684210526315,
sliceprobe_raw_seed3_model_best_haca3ctrl,slice_probe,raw,3.0,best,haca3_preproc,all,109,0,psnr,24.004818120155743,23.677851081456403,24.34092861202334,24.004818120155743
sliceprobe_raw_seed3_model_best_haca3ctrl,slice_probe,raw,3.0,best,haca3_preproc,all,109,0,mse,0.005126276871975098,0.0046736558294557485,0.005611740167418263,0.005126276871975098
sliceprobe_raw_seed3_model_best_haca3ctrl,slice_probe,raw,3.0,best,haca3_preproc,all,109,0,mae,0.045477284529805956,0.04358661687528829,0.047467150074784595,0.045477284529805956
sliceprobe_raw_seed3_model_best_haca3ctrl,slice_probe,raw,3.0,best,haca3_preproc,all,109,0,pixel_cosine_similarity,0.9925970218114716,0.992049838799468,0.9930923443156738,0.9925970218114716
sliceprobe_raw_seed3_model_best_haca3ctrl,slice_probe,raw,3.0,best,haca3_preproc,all,109,0,cross_correlation,0.9864636007538925,0.9853587233858676,0.9874355240049513,0.9864636007538925
sliceprobe_raw_seed3_model_best_haca3ctrl,slice_probe,raw,3.0,best,haca3_preproc,all,109,0,subject_wasserstein_raw_harm,0.04077174008403761,0.03869554917036834,0.042947420351333636,0.04077174008403761
sliceprobe_raw_seed3_model_best_haca3ctrl,slice_probe,raw,3.0,best,haca3_preproc,all,109,0,subject_kl_raw_harm,0.1142985333145359,0.1029748659125107,0.1256592011776031,0.1142985333145359
sliceprobe_raw_seed3_model_best_haca3ctrl,slice_probe,raw,3.0,best,haca3_preproc,all,109,0,raw_site_ba,0.9705037996059668,0.9449479313256404,0.9915564311849141,
sliceprobe_raw_seed3_model_best_haca3ctrl,slice_probe,raw,3.0,best,haca3_preproc,all,109,0,harmonized_site_ba,0.7472725932478255,0.6748341441839893,0.8158464175143741,
sliceprobe_raw_seed3_model_best_haca3ctrl,slice_probe,raw,3.0,best,haca3_preproc,all,109,0,site_ba_drop,0.2232312063581413,0.15838463136450748,0.295406899601946,
sliceprobe_raw_seed3_model_best_haca3ctrl,slice_probe,raw,3.0,best,haca3_preproc,source_non_nyu,90,0,psnr,23.751879031669315,23.375410732143052,24.115637158567203,23.751879031669315
sliceprobe_raw_seed3_model_best_haca3ctrl,slice_probe,raw,3.0,best,haca3_preproc,source_non_nyu,90,0,mse,0.0055353148700123195,0.004992798488843399,0.006117319175661079,0.0055353148700123195
sliceprobe_raw_seed3_model_best_haca3ctrl,slice_probe,raw,3.0,best,haca3_preproc,source_non_nyu,90,0,mae,0.0472078229590195,0.04504008069178418,0.04954808654124027,0.0472078229590195
sliceprobe_raw_seed3_model_best_haca3ctrl,slice_probe,raw,3.0,best,haca3_preproc,source_non_nyu,90,0,pixel_cosine_similarity,0.9920173448975403,0.9913636875228781,0.9926165871062733,0.9920173448975403
sliceprobe_raw_seed3_model_best_haca3ctrl,slice_probe,raw,3.0,best,haca3_preproc,source_non_nyu,90,0,cross_correlation,0.9854502120277411,0.9841438526573978,0.9865876398145944,0.9854502120277411
sliceprobe_raw_seed3_model_best_haca3ctrl,slice_probe,raw,3.0,best,haca3_preproc,source_non_nyu,90,0,subject_wasserstein_raw_harm,0.04284305758159483,0.040533423819904886,0.04522887645885017,0.04284305758159483
sliceprobe_raw_seed3_model_best_haca3ctrl,slice_probe,raw,3.0,best,haca3_preproc,source_non_nyu,90,0,subject_kl_raw_harm,0.12738651977532278,0.11446328272562255,0.14161235658299434,0.12738651977532278
sliceprobe_raw_seed3_model_best_haca3ctrl,slice_probe,raw,3.0,best,haca3_preproc,source_non_nyu,90,0,raw_site_ba,0.9818181818181818,0.9568181818181818,1.0,
sliceprobe_raw_seed3_model_best_haca3ctrl,slice_probe,raw,3.0,best,haca3_preproc,source_non_nyu,90,0,harmonized_site_ba,0.777529761904762,0.7013058035714286,0.8458333333333333,
sliceprobe_raw_seed3_model_best_haca3ctrl,slice_probe,raw,3.0,best,haca3_preproc,source_non_nyu,90,0,site_ba_drop,0.20428841991341984,0.13758658008658006,0.27871989989177476,
sliceprobe_raw_seed3_model_best_haca3ctrl,slice_probe,raw,3.0,best,haca3_preproc,target_nyu,19,0,psnr,25.202950644565124,24.565532260436786,25.814225448392666,25.202950644565124
sliceprobe_raw_seed3_model_best_haca3ctrl,slice_probe,raw,3.0,best,haca3_preproc,target_nyu,19,0,mse,0.0031887284602198267,0.0027103845678089276,0.003746473628345248,0.0031887284602198267
sliceprobe_raw_seed3_model_best_haca3ctrl,slice_probe,raw,3.0,best,haca3_preproc,target_nyu,19,0,mae,0.03727999723353128,0.0343266153681125,0.04045126710232796,0.03727999723353128
sliceprobe_raw_seed3_model_best_haca3ctrl,slice_probe,raw,3.0,best,haca3_preproc,target_nyu,19,0,pixel_cosine_similarity,0.9953428598248305,0.9948610688096547,0.9957755725646426,0.9953428598248305
sliceprobe_raw_seed3_model_best_haca3ctrl,slice_probe,raw,3.0,best,haca3_preproc,target_nyu,19,0,cross_correlation,0.9912638631409261,0.9903988216873533,0.9921023447694028,0.9912638631409261
sliceprobe_raw_seed3_model_best_haca3ctrl,slice_probe,raw,3.0,best,haca3_preproc,target_nyu,19,0,subject_wasserstein_raw_harm,0.03096023614824033,0.02719366827414916,0.03506899433821588,0.03096023614824033
sliceprobe_raw_seed3_model_best_haca3ctrl,slice_probe,raw,3.0,best,haca3_preproc,target_nyu,19,0,subject_kl_raw_harm,0.052302807973966574,0.04151294749163461,0.06463763019861683,0.052302807973966574
sliceprobe_raw_seed3_model_best_haca3ctrl,slice_probe,raw,3.0,best,haca3_preproc,target_nyu,19,0,raw_site_ba,0.7894736842105263,0.5789473684210527,0.9473684210526315,
sliceprobe_raw_seed3_model_best_haca3ctrl,slice_probe,raw,3.0,best,haca3_preproc,target_nyu,19,0,harmonized_site_ba,0.2631578947368421,0.05263157894736842,0.47368421052631576,
sliceprobe_raw_seed3_model_best_haca3ctrl,slice_probe,raw,3.0,best,haca3_preproc,target_nyu,19,0,site_ba_drop,0.5263157894736843,0.2631578947368421,0.7894736842105263,
